state,year,election_folder,locality_type,party,path
National,2014,General,National,,/Users/joellegr/Documents/GitHub/exit-poll-dashboard/data/2014/General/National/National 2014.csv
SC,2014,General,State,,/Users/joellegr/Documents/GitHub/exit-poll-dashboard/data/2014/General/State/SC 2014.csv
NY,2014,General,State,,/Users/joellegr/Documents/GitHub/exit-poll-dashboard/data/2014/General/State/NY 2014.csv
MI,2014,General,State,,/Users/joellegr/Documents/GitHub/exit-poll-dashboard/data/2014/General/State/MI 2014.csv
IA,2014,General,State,,/Users/joellegr/Documents/GitHub/exit-poll-dashboard/data/2014/General/State/IA 2014.csv
OR,2014,General,State,,/Users/joellegr/Documents/GitHub/exit-poll-dashboard/data/2014/General/State/OR 2014.csv
MN,2014,General,State,,/Users/joellegr/Documents/GitHub/exit-poll-dashboard/data/2014/General/State/MN 2014.csv
CA,2014,General,State,,/Users/joellegr/Documents/GitHub/exit-poll-dashboard/data/2014/General/State/CA 2014.csv
IL,2014,General,State,,/Users/joellegr/Documents/GitHub/exit-poll-dashboard/data/2014/General/State/IL 2014.csv
VA,2014,General,State,,/Users/joellegr/Documents/GitHub/exit-poll-dashboard/data/2014/General/State/VA 2014.csv
ME,2014,General,State,,/Users/joellegr/Documents/GitHub/exit-poll-dashboard/data/2014/General/State/ME 2014.csv
SD,2014,General,State,,/Users/joellegr/Documents/GitHub/exit-poll-dashboard/data/2014/General/State/SD 2014.csv
PA,2014,General,State,,/Users/joellegr/Documents/GitHub/exit-poll-dashboard/data/2014/General/State/PA 2014.csv
WV,2014,General,State,,/Users/joellegr/Documents/GitHub/exit-poll-dashboard/data/2014/General/State/WV 2014.csv
TX,2014,General,State,,/Users/joellegr/Documents/GitHub/exit-poll-dashboard/data/2014/General/State/TX 2014.csv
AR,2014,General,State,,/Users/joellegr/Documents/GitHub/exit-poll-dashboard/data/2014/General/State/AR 2014.csv
CO,2014,General,State,,/Users/joellegr/Documents/GitHub/exit-poll-dashboard/data/2014/General/State/CO 2014.csv
OH,2014,General,State,,/Users/joellegr/Documents/GitHub/exit-poll-dashboard/data/2014/General/State/OH 2014.csv
WI,2014,General,State,,/Users/joellegr/Documents/GitHub/exit-poll-dashboard/data/2014/General/State/WI 2014.csv
MS,2014,General,State,,/Users/joellegr/Documents/GitHub/exit-poll-dashboard/data/2014/General/State/MS 2014.csv
FL,2014,General,State,,/Users/joellegr/Documents/GitHub/exit-poll-dashboard/data/2014/General/State/FL 2014.csv
LA,2014,General,State,,/Users/joellegr/Documents/GitHub/exit-poll-dashboard/data/2014/General/State/LA 2014.csv
AK,2014,General,State,,/Users/joellegr/Documents/GitHub/exit-poll-dashboard/data/2014/General/State/AK 2014.csv
NH,2014,General,State,,/Users/joellegr/Documents/GitHub/exit-poll-dashboard/data/2014/General/State/NH 2014.csv
KS,2014,General,State,,/Users/joellegr/Documents/GitHub/exit-poll-dashboard/data/2014/General/State/KS 2014.csv
NC,2014,General,State,,/Users/joellegr/Documents/GitHub/exit-poll-dashboard/data/2014/General/State/NC 2014.csv
GA,2014,General,State,,/Users/joellegr/Documents/GitHub/exit-poll-dashboard/data/2014/General/State/GA 2014.csv
KY,2014,General,State,,/Users/joellegr/Documents/GitHub/exit-poll-dashboard/data/2014/General/State/KY 2014.csv
National,2024,General,National,,/Users/joellegr/Documents/GitHub/exit-poll-dashboard/data/2024/General/National/National 2024.csv
NC,2024,General,State,,/Users/joellegr/Documents/GitHub/exit-poll-dashboard/data/2024/General/State/NC 2024.csv
GA,2024,General,State,,/Users/joellegr/Documents/GitHub/exit-poll-dashboard/data/2024/General/State/GA 2024.csv
NV,2024,General,State,,/Users/joellegr/Documents/GitHub/exit-poll-dashboard/data/2024/General/State/NV 2024.csv
FL,2024,General,State,,/Users/joellegr/Documents/GitHub/exit-poll-dashboard/data/2024/General/State/FL 2024.csv
WI,2024,General,State,,/Users/joellegr/Documents/GitHub/exit-poll-dashboard/data/2024/General/State/WI 2024.csv
OH,2024,General,State,,/Users/joellegr/Documents/GitHub/exit-poll-dashboard/data/2024/General/State/OH 2024.csv
TX,2024,General,State,,/Users/joellegr/Documents/GitHub/exit-poll-dashboard/data/2024/General/State/TX 2024.csv
PA,2024,General,State,,/Users/joellegr/Documents/GitHub/exit-poll-dashboard/data/2024/General/State/PA 2024.csv
AZ,2024,General,State,,/Users/joellegr/Documents/GitHub/exit-poll-dashboard/data/2024/General/State/AZ 2024.csv
MI,2024,General,State,,/Users/joellegr/Documents/GitHub/exit-poll-dashboard/data/2024/General/State/MI 2024.csv
National,2012,General,National,,/Users/joellegr/Documents/GitHub/exit-poll-dashboard/data/2012/General/National/National 2012.csv
MI,2012,General,State,,/Users/joellegr/Documents/GitHub/exit-poll-dashboard/data/2012/General/State/MI 2012.csv
IA,2012,General,State,,/Users/joellegr/Documents/GitHub/exit-poll-dashboard/data/2012/General/State/IA 2012.csv
AZ,2012,General,State,,/Users/joellegr/Documents/GitHub/exit-poll-dashboard/data/2012/General/State/AZ 2012.csv
NM,2012,General,State,,/Users/joellegr/Documents/GitHub/exit-poll-dashboard/data/2012/General/State/NM 2012.csv
NY,2012,General,State,,/Users/joellegr/Documents/GitHub/exit-poll-dashboard/data/2012/General/State/NY 2012.csv
WA,2012,General,State,,/Users/joellegr/Documents/GitHub/exit-poll-dashboard/data/2012/General/State/WA 2012.csv
PA,2012,General,State,,/Users/joellegr/Documents/GitHub/exit-poll-dashboard/data/2012/General/State/PA 2012.csv
VT,2012,General,State,,/Users/joellegr/Documents/GitHub/exit-poll-dashboard/data/2012/General/State/VT 2012.csv
CT,2012,General,State,,/Users/joellegr/Documents/GitHub/exit-poll-dashboard/data/2012/General/State/CT 2012.csv
OR,2012,General,State,,/Users/joellegr/Documents/GitHub/exit-poll-dashboard/data/2012/General/State/OR 2012.csv
MN,2012,General,State,,/Users/joellegr/Documents/GitHub/exit-poll-dashboard/data/2012/General/State/MN 2012.csv
MO,2012,General,State,,/Users/joellegr/Documents/GitHub/exit-poll-dashboard/data/2012/General/State/MO 2012.csv
CA,2012,General,State,,/Users/joellegr/Documents/GitHub/exit-poll-dashboard/data/2012/General/State/CA 2012.csv
NJ,2012,General,State,,/Users/joellegr/Documents/GitHub/exit-poll-dashboard/data/2012/General/State/NJ 2012.csv
VA,2012,General,State,,/Users/joellegr/Documents/GitHub/exit-poll-dashboard/data/2012/General/State/VA 2012.csv
IL,2012,General,State,,/Users/joellegr/Documents/GitHub/exit-poll-dashboard/data/2012/General/State/IL 2012.csv
MD,2012,General,State,,/Users/joellegr/Documents/GitHub/exit-poll-dashboard/data/2012/General/State/MD 2012.csv
ME,2012,General,State,,/Users/joellegr/Documents/GitHub/exit-poll-dashboard/data/2012/General/State/ME 2012.csv
OH,2012,General,State,,/Users/joellegr/Documents/GitHub/exit-poll-dashboard/data/2012/General/State/OH 2012.csv
MT,2012,General,State,,/Users/joellegr/Documents/GitHub/exit-poll-dashboard/data/2012/General/State/MT 2012.csv
AL,2012,General,State,,/Users/joellegr/Documents/GitHub/exit-poll-dashboard/data/2012/General/State/AL 2012.csv
WI,2012,General,State,,/Users/joellegr/Documents/GitHub/exit-poll-dashboard/data/2012/General/State/WI 2012.csv
MA,2012,General,State,,/Users/joellegr/Documents/GitHub/exit-poll-dashboard/data/2012/General/State/MA 2012.csv
CO,2012,General,State,,/Users/joellegr/Documents/GitHub/exit-poll-dashboard/data/2012/General/State/CO 2012.csv
NH,2012,General,State,,/Users/joellegr/Documents/GitHub/exit-poll-dashboard/data/2012/General/State/NH 2012.csv
IN,2012,General,State,,/Users/joellegr/Documents/GitHub/exit-poll-dashboard/data/2012/General/State/IN 2012.csv
KS,2012,General,State,,/Users/joellegr/Documents/GitHub/exit-poll-dashboard/data/2012/General/State/KS 2012.csv
NC,2012,General,State,,/Users/joellegr/Documents/GitHub/exit-poll-dashboard/data/2012/General/State/NC 2012.csv
MS,2012,General,State,,/Users/joellegr/Documents/GitHub/exit-poll-dashboard/data/2012/General/State/MS 2012.csv
FL,2012,General,State,,/Users/joellegr/Documents/GitHub/exit-poll-dashboard/data/2012/General/State/FL 2012.csv
NV,2012,General,State,,/Users/joellegr/Documents/GitHub/exit-poll-dashboard/data/2012/General/State/NV 2012.csv
LA,2012,Primary,N/A,REP,/Users/joellegr/Documents/GitHub/exit-poll-dashboard/data/2012/Primary/LA REP 2012.csv
FL,2012,Primary,N/A,REP,/Users/joellegr/Documents/GitHub/exit-poll-dashboard/data/2012/Primary/FL REP 2012.csv
MD,2012,Primary,N/A,REP,/Users/joellegr/Documents/GitHub/exit-poll-dashboard/data/2012/Primary/MD REP 2012.csv
AL,2012,Primary,N/A,REP,/Users/joellegr/Documents/GitHub/exit-poll-dashboard/data/2012/Primary/AL REP 2012.csv
OK,2012,Primary,N/A,REP,/Users/joellegr/Documents/GitHub/exit-poll-dashboard/data/2012/Primary/OK REP 2012.csv
NV,2012,Primary,N/A,REP,/Users/joellegr/Documents/GitHub/exit-poll-dashboard/data/2012/Primary/NV REP 2012.csv
NH,2012,Primary,N/A,REP,/Users/joellegr/Documents/GitHub/exit-poll-dashboard/data/2012/Primary/NH REP 2012.csv
MI,2012,Primary,N/A,REP,/Users/joellegr/Documents/GitHub/exit-poll-dashboard/data/2012/Primary/MI REP 2012.csv
MS,2012,Primary,N/A,REP,/Users/joellegr/Documents/GitHub/exit-poll-dashboard/data/2012/Primary/MS REP 2012.csv
SC,2012,Primary,N/A,REP,/Users/joellegr/Documents/GitHub/exit-poll-dashboard/data/2012/Primary/SC REP 2012.csv
OH,2012,Primary,N/A,REP,/Users/joellegr/Documents/GitHub/exit-poll-dashboard/data/2012/Primary/OH REP 2012.csv
VA,2012,Primary,N/A,REP,/Users/joellegr/Documents/GitHub/exit-poll-dashboard/data/2012/Primary/VA REP 2012.csv
GA,2012,Primary,N/A,REP,/Users/joellegr/Documents/GitHub/exit-poll-dashboard/data/2012/Primary/GA REP 2012.csv
AZ,2012,Primary,N/A,REP,/Users/joellegr/Documents/GitHub/exit-poll-dashboard/data/2012/Primary/AZ REP 2012.csv
IL,2012,Primary,N/A,REP,/Users/joellegr/Documents/GitHub/exit-poll-dashboard/data/2012/Primary/IL REP 2012.csv
TN,2012,Primary,N/A,REP,/Users/joellegr/Documents/GitHub/exit-poll-dashboard/data/2012/Primary/TN REP 2012.csv
IA,2012,Primary,N/A,REP,/Users/joellegr/Documents/GitHub/exit-poll-dashboard/data/2012/Primary/IA REP 2012.csv
VT,2012,Primary,N/A,REP,/Users/joellegr/Documents/GitHub/exit-poll-dashboard/data/2012/Primary/VT REP 2012.csv
MA,2012,Primary,N/A,REP,/Users/joellegr/Documents/GitHub/exit-poll-dashboard/data/2012/Primary/MA REP 2012.csv
WI,2012,Primary,N/A,REP,/Users/joellegr/Documents/GitHub/exit-poll-dashboard/data/2012/Primary/WI REP 2012.csv
National,2008,General,National,,/Users/joellegr/Documents/GitHub/exit-poll-dashboard/data/2008/General/National/National 2008.csv
AK,2008,General,State,,/Users/joellegr/Documents/GitHub/exit-poll-dashboard/data/2008/General/State/AK 2008.csv
HI,2008,General,State,,/Users/joellegr/Documents/GitHub/exit-poll-dashboard/data/2008/General/State/HI 2008.csv
LA,2008,General,State,,/Users/joellegr/Documents/GitHub/exit-poll-dashboard/data/2008/General/State/LA 2008.csv
FL,2008,General,State,,/Users/joellegr/Documents/GitHub/exit-poll-dashboard/data/2008/General/State/FL 2008.csv
MS,2008,General,State,,/Users/joellegr/Documents/GitHub/exit-poll-dashboard/data/2008/General/State/MS 2008.csv
NV,2008,General,State,,/Users/joellegr/Documents/GitHub/exit-poll-dashboard/data/2008/General/State/NV 2008.csv
DE,2008,General,State,,/Users/joellegr/Documents/GitHub/exit-poll-dashboard/data/2008/General/State/DE 2008.csv
KS,2008,General,State,,/Users/joellegr/Documents/GitHub/exit-poll-dashboard/data/2008/General/State/KS 2008.csv
IN,2008,General,State,,/Users/joellegr/Documents/GitHub/exit-poll-dashboard/data/2008/General/State/IN 2008.csv
NH,2008,General,State,,/Users/joellegr/Documents/GitHub/exit-poll-dashboard/data/2008/General/State/NH 2008.csv
ID,2008,General,State,,/Users/joellegr/Documents/GitHub/exit-poll-dashboard/data/2008/General/State/ID 2008.csv
KY,2008,General,State,,/Users/joellegr/Documents/GitHub/exit-poll-dashboard/data/2008/General/State/KY 2008.csv
GA,2008,General,State,,/Users/joellegr/Documents/GitHub/exit-poll-dashboard/data/2008/General/State/GA 2008.csv
NC,2008,General,State,,/Users/joellegr/Documents/GitHub/exit-poll-dashboard/data/2008/General/State/NC 2008.csv
DC,2008,General,State,,/Users/joellegr/Documents/GitHub/exit-poll-dashboard/data/2008/General/State/DC 2008.csv
MA,2008,General,State,,/Users/joellegr/Documents/GitHub/exit-poll-dashboard/data/2008/General/State/MA 2008.csv
TX,2008,General,State,,/Users/joellegr/Documents/GitHub/exit-poll-dashboard/data/2008/General/State/TX 2008.csv
WV,2008,General,State,,/Users/joellegr/Documents/GitHub/exit-poll-dashboard/data/2008/General/State/WV 2008.csv
CO,2008,General,State,,/Users/joellegr/Documents/GitHub/exit-poll-dashboard/data/2008/General/State/CO 2008.csv
AR,2008,General,State,,/Users/joellegr/Documents/GitHub/exit-poll-dashboard/data/2008/General/State/AR 2008.csv
ND,2008,General,State,,/Users/joellegr/Documents/GitHub/exit-poll-dashboard/data/2008/General/State/ND 2008.csv
NE,2008,General,State,,/Users/joellegr/Documents/GitHub/exit-poll-dashboard/data/2008/General/State/NE 2008.csv
AL,2008,General,State,,/Users/joellegr/Documents/GitHub/exit-poll-dashboard/data/2008/General/State/AL 2008.csv
MT,2008,General,State,,/Users/joellegr/Documents/GitHub/exit-poll-dashboard/data/2008/General/State/MT 2008.csv
OH,2008,General,State,,/Users/joellegr/Documents/GitHub/exit-poll-dashboard/data/2008/General/State/OH 2008.csv
WI,2008,General,State,,/Users/joellegr/Documents/GitHub/exit-poll-dashboard/data/2008/General/State/WI 2008.csv
UT,2008,General,State,,/Users/joellegr/Documents/GitHub/exit-poll-dashboard/data/2008/General/State/UT 2008.csv
MN,2008,General,State,,/Users/joellegr/Documents/GitHub/exit-poll-dashboard/data/2008/General/State/MN 2008.csv
MO,2008,General,State,,/Users/joellegr/Documents/GitHub/exit-poll-dashboard/data/2008/General/State/MO 2008.csv
OR,2008,General,State,,/Users/joellegr/Documents/GitHub/exit-poll-dashboard/data/2008/General/State/OR 2008.csv
WY,2008,General,State,,/Users/joellegr/Documents/GitHub/exit-poll-dashboard/data/2008/General/State/WY 2008.csv
MD,2008,General,State,,/Users/joellegr/Documents/GitHub/exit-poll-dashboard/data/2008/General/State/MD 2008.csv
RI,2008,General,State,,/Users/joellegr/Documents/GitHub/exit-poll-dashboard/data/2008/General/State/RI 2008.csv
ME,2008,General,State,,/Users/joellegr/Documents/GitHub/exit-poll-dashboard/data/2008/General/State/ME 2008.csv
IL,2008,General,State,,/Users/joellegr/Documents/GitHub/exit-poll-dashboard/data/2008/General/State/IL 2008.csv
VA,2008,General,State,,/Users/joellegr/Documents/GitHub/exit-poll-dashboard/data/2008/General/State/VA 2008.csv
NJ,2008,General,State,,/Users/joellegr/Documents/GitHub/exit-poll-dashboard/data/2008/General/State/NJ 2008.csv
CA,2008,General,State,,/Users/joellegr/Documents/GitHub/exit-poll-dashboard/data/2008/General/State/CA 2008.csv
SD,2008,General,State,,/Users/joellegr/Documents/GitHub/exit-poll-dashboard/data/2008/General/State/SD 2008.csv
CT,2008,General,State,,/Users/joellegr/Documents/GitHub/exit-poll-dashboard/data/2008/General/State/CT 2008.csv
VT,2008,General,State,,/Users/joellegr/Documents/GitHub/exit-poll-dashboard/data/2008/General/State/VT 2008.csv
PA,2008,General,State,,/Users/joellegr/Documents/GitHub/exit-poll-dashboard/data/2008/General/State/PA 2008.csv
SC,2008,General,State,,/Users/joellegr/Documents/GitHub/exit-poll-dashboard/data/2008/General/State/SC 2008.csv
WA,2008,General,State,,/Users/joellegr/Documents/GitHub/exit-poll-dashboard/data/2008/General/State/WA 2008.csv
NY,2008,General,State,,/Users/joellegr/Documents/GitHub/exit-poll-dashboard/data/2008/General/State/NY 2008.csv
TN,2008,General,State,,/Users/joellegr/Documents/GitHub/exit-poll-dashboard/data/2008/General/State/TN 2008.csv
OK,2008,General,State,,/Users/joellegr/Documents/GitHub/exit-poll-dashboard/data/2008/General/State/OK 2008.csv
IA,2008,General,State,,/Users/joellegr/Documents/GitHub/exit-poll-dashboard/data/2008/General/State/IA 2008.csv
MI,2008,General,State,,/Users/joellegr/Documents/GitHub/exit-poll-dashboard/data/2008/General/State/MI 2008.csv
dc final data,2008,General,State,,/Users/joellegr/Documents/GitHub/exit-poll-dashboard/data/2008/General/State/dc final data 2008.csv
NM,2008,General,State,,/Users/joellegr/Documents/GitHub/exit-poll-dashboard/data/2008/General/State/NM 2008.csv
AZ,2008,General,State,,/Users/joellegr/Documents/GitHub/exit-poll-dashboard/data/2008/General/State/AZ 2008.csv
MA,2008,Primary,N/A,REP,/Users/joellegr/Documents/GitHub/exit-poll-dashboard/data/2008/Primary/MA REP 2008.csv
OK,2008,Primary,N/A,DEM,/Users/joellegr/Documents/GitHub/exit-poll-dashboard/data/2008/Primary/OK DEM 2008.csv
VT,2008,Primary,N/A,REP,/Users/joellegr/Documents/GitHub/exit-poll-dashboard/data/2008/Primary/VT REP 2008.csv
MI None,2008,Primary,N/A,,/Users/joellegr/Documents/GitHub/exit-poll-dashboard/data/2008/Primary/MI None 2008.csv
IA,2008,Primary,N/A,REP,/Users/joellegr/Documents/GitHub/exit-poll-dashboard/data/2008/Primary/IA REP 2008.csv
prdemfinal,2008,Primary,N/A,DEM,/Users/joellegr/Documents/GitHub/exit-poll-dashboard/data/2008/Primary/prdemfinal DEM 2008.csv
National,2008,Primary,N/A,REP,/Users/joellegr/Documents/GitHub/exit-poll-dashboard/data/2008/Primary/National REP 2008.csv
MO,2008,Primary,N/A,DEM,/Users/joellegr/Documents/GitHub/exit-poll-dashboard/data/2008/Primary/MO DEM 2008.csv
PA,2008,Primary,N/A,DEM,/Users/joellegr/Documents/GitHub/exit-poll-dashboard/data/2008/Primary/PA DEM 2008.csv
WI,2008,Primary,N/A,REP,/Users/joellegr/Documents/GitHub/exit-poll-dashboard/data/2008/Primary/WI REP 2008.csv
CT,2008,Primary,N/A,REP,/Users/joellegr/Documents/GitHub/exit-poll-dashboard/data/2008/Primary/CT REP 2008.csv
NV,2008,Primary,N/A,DEM,/Users/joellegr/Documents/GitHub/exit-poll-dashboard/data/2008/Primary/NV DEM 2008.csv
DE,2008,Primary,N/A,DEM,/Users/joellegr/Documents/GitHub/exit-poll-dashboard/data/2008/Primary/DE DEM 2008.csv
NH,2008,Primary,N/A,DEM,/Users/joellegr/Documents/GitHub/exit-poll-dashboard/data/2008/Primary/NH Dem 2008.csv
NY,2008,Primary,N/A,REP,/Users/joellegr/Documents/GitHub/exit-poll-dashboard/data/2008/Primary/NY REP 2008.csv
TN,2008,Primary,N/A,REP,/Users/joellegr/Documents/GitHub/exit-poll-dashboard/data/2008/Primary/TN REP 2008.csv
TX,2008,Primary,N/A,DEM,/Users/joellegr/Documents/GitHub/exit-poll-dashboard/data/2008/Primary/TX DEM 2008.csv
UT,2008,Primary,N/A,REP,/Users/joellegr/Documents/GitHub/exit-poll-dashboard/data/2008/Primary/UT REP 2008.csv
MI,2008,Primary,N/A,DEM,/Users/joellegr/Documents/GitHub/exit-poll-dashboard/data/2008/Primary/MI DEM 2008.csv
OR,2008,Primary,N/A,DEM,/Users/joellegr/Documents/GitHub/exit-poll-dashboard/data/2008/Primary/OR dem 2008.csv
MD,2008,Primary,N/A,DEM,/Users/joellegr/Documents/GitHub/exit-poll-dashboard/data/2008/Primary/MD DEM 2008.csv
LA,2008,Primary,N/A,DEM,/Users/joellegr/Documents/GitHub/exit-poll-dashboard/data/2008/Primary/LA DEM 2008.csv
FL,2008,Primary,N/A,DEM,/Users/joellegr/Documents/GitHub/exit-poll-dashboard/data/2008/Primary/FL DEM 2008.csv
AR,2008,Primary,N/A,DEM,/Users/joellegr/Documents/GitHub/exit-poll-dashboard/data/2008/Primary/AR DEM 2008.csv
RI,2008,Primary,N/A,DEM,/Users/joellegr/Documents/GitHub/exit-poll-dashboard/data/2008/Primary/RI DEM 2008.csv
NJ,2008,Primary,N/A,REP,/Users/joellegr/Documents/GitHub/exit-poll-dashboard/data/2008/Primary/NJ REP 2008.csv
KY,2008,Primary,N/A,DEM,/Users/joellegr/Documents/GitHub/exit-poll-dashboard/data/2008/Primary/KY dem 2008.csv
VA,2008,Primary,N/A,REP,/Users/joellegr/Documents/GitHub/exit-poll-dashboard/data/2008/Primary/VA REP 2008.csv
OH,2008,Primary,N/A,REP,/Users/joellegr/Documents/GitHub/exit-poll-dashboard/data/2008/Primary/OH REP 2008.csv
SC,2008,Primary,N/A,REP,/Users/joellegr/Documents/GitHub/exit-poll-dashboard/data/2008/Primary/SC REP 2008.csv
MS,2008,Primary,N/A,REP,/Users/joellegr/Documents/GitHub/exit-poll-dashboard/data/2008/Primary/MS REP 2008.csv
CA,2008,Primary,N/A,REP,/Users/joellegr/Documents/GitHub/exit-poll-dashboard/data/2008/Primary/CA REP 2008.csv
IL,2008,Primary,N/A,REP,/Users/joellegr/Documents/GitHub/exit-poll-dashboard/data/2008/Primary/IL REP 2008.csv
AL,2008,Primary,N/A,DEM,/Users/joellegr/Documents/GitHub/exit-poll-dashboard/data/2008/Primary/AL DEM 2008.csv
NC,2008,Primary,N/A,DEM,/Users/joellegr/Documents/GitHub/exit-poll-dashboard/data/2008/Primary/NC dem 2008.csv
AZ,2008,Primary,N/A,REP,/Users/joellegr/Documents/GitHub/exit-poll-dashboard/data/2008/Primary/AZ REP 2008.csv
GA,2008,Primary,N/A,REP,/Users/joellegr/Documents/GitHub/exit-poll-dashboard/data/2008/Primary/GA REP 2008.csv
NY,2008,Primary,N/A,DEM,/Users/joellegr/Documents/GitHub/exit-poll-dashboard/data/2008/Primary/NY DEM 2008.csv
NH,2008,Primary,N/A,REP,/Users/joellegr/Documents/GitHub/exit-poll-dashboard/data/2008/Primary/NH Rep 2008.csv
DE,2008,Primary,N/A,REP,/Users/joellegr/Documents/GitHub/exit-poll-dashboard/data/2008/Primary/DE REP 2008.csv
TX,2008,Primary,N/A,REP,/Users/joellegr/Documents/GitHub/exit-poll-dashboard/data/2008/Primary/TX REP 2008.csv
TN,2008,Primary,N/A,DEM,/Users/joellegr/Documents/GitHub/exit-poll-dashboard/data/2008/Primary/TN DEM 2008.csv
UT,2008,Primary,N/A,DEM,/Users/joellegr/Documents/GitHub/exit-poll-dashboard/data/2008/Primary/UT DEM 2008.csv
MI,2008,Primary,N/A,REP,/Users/joellegr/Documents/GitHub/exit-poll-dashboard/data/2008/Primary/MI REP 2008.csv
VT,2008,Primary,N/A,DEM,/Users/joellegr/Documents/GitHub/exit-poll-dashboard/data/2008/Primary/VT DEM 2008.csv
OK,2008,Primary,N/A,REP,/Users/joellegr/Documents/GitHub/exit-poll-dashboard/data/2008/Primary/OK REP 2008.csv
MA,2008,Primary,N/A,DEM,/Users/joellegr/Documents/GitHub/exit-poll-dashboard/data/2008/Primary/MA DEM 2008.csv
IA,2008,Primary,N/A,DEM,/Users/joellegr/Documents/GitHub/exit-poll-dashboard/data/2008/Primary/IA DEM 2008.csv
MO,2008,Primary,N/A,REP,/Users/joellegr/Documents/GitHub/exit-poll-dashboard/data/2008/Primary/MO REP 2008.csv
National,2008,Primary,N/A,DEM,/Users/joellegr/Documents/GitHub/exit-poll-dashboard/data/2008/Primary/National DEM 2008.csv
NV,2008,Primary,N/A,REP,/Users/joellegr/Documents/GitHub/exit-poll-dashboard/data/2008/Primary/NV REP 2008.csv
CT,2008,Primary,N/A,DEM,/Users/joellegr/Documents/GitHub/exit-poll-dashboard/data/2008/Primary/CT DEM 2008.csv
WI,2008,Primary,N/A,DEM,/Users/joellegr/Documents/GitHub/exit-poll-dashboard/data/2008/Primary/WI DEM 2008.csv
NJ,2008,Primary,N/A,DEM,/Users/joellegr/Documents/GitHub/exit-poll-dashboard/data/2008/Primary/NJ DEM 2008.csv
NM,2008,Primary,N/A,DEM,/Users/joellegr/Documents/GitHub/exit-poll-dashboard/data/2008/Primary/NM DEM 2008.csv
MS,2008,Primary,N/A,DEM,/Users/joellegr/Documents/GitHub/exit-poll-dashboard/data/2008/Primary/MS DEM 2008.csv
MT,2008,Primary,N/A,DEM,/Users/joellegr/Documents/GitHub/exit-poll-dashboard/data/2008/Primary/MT DEM 2008.csv
SC,2008,Primary,N/A,DEM,/Users/joellegr/Documents/GitHub/exit-poll-dashboard/data/2008/Primary/SC DEM 2008.csv
OH,2008,Primary,N/A,DEM,/Users/joellegr/Documents/GitHub/exit-poll-dashboard/data/2008/Primary/OH DEM 2008.csv
VA,2008,Primary,N/A,DEM,/Users/joellegr/Documents/GitHub/exit-poll-dashboard/data/2008/Primary/VA DEM 2008.csv
SD,2008,Primary,N/A,DEM,/Users/joellegr/Documents/GitHub/exit-poll-dashboard/data/2008/Primary/SD dem 2008.csv
AZ,2008,Primary,N/A,DEM,/Users/joellegr/Documents/GitHub/exit-poll-dashboard/data/2008/Primary/AZ DEM 2008.csv
AL,2008,Primary,N/A,REP,/Users/joellegr/Documents/GitHub/exit-poll-dashboard/data/2008/Primary/AL REP 2008.csv
IL,2008,Primary,N/A,DEM,/Users/joellegr/Documents/GitHub/exit-poll-dashboard/data/2008/Primary/IL DEM 2008.csv
CA,2008,Primary,N/A,DEM,/Users/joellegr/Documents/GitHub/exit-poll-dashboard/data/2008/Primary/CA DEM 2008.csv
GA,2008,Primary,N/A,DEM,/Users/joellegr/Documents/GitHub/exit-poll-dashboard/data/2008/Primary/GA DEM 2008.csv
MD,2008,Primary,N/A,REP,/Users/joellegr/Documents/GitHub/exit-poll-dashboard/data/2008/Primary/MD REP 2008.csv
AR,2008,Primary,N/A,REP,/Users/joellegr/Documents/GitHub/exit-poll-dashboard/data/2008/Primary/AR REP 2008.csv
FL,2008,Primary,N/A,REP,/Users/joellegr/Documents/GitHub/exit-poll-dashboard/data/2008/Primary/FL REP 2008.csv
LA,2008,Primary,N/A,REP,/Users/joellegr/Documents/GitHub/exit-poll-dashboard/data/2008/Primary/LA REP 2008.csv
National,2006,General,National,,/Users/joellegr/Documents/GitHub/exit-poll-dashboard/data/2006/General/National/National 2006.csv
MI,2006,General,State,,/Users/joellegr/Documents/GitHub/exit-poll-dashboard/data/2006/General/State/MI 2006.csv
AZ,2006,General,State,,/Users/joellegr/Documents/GitHub/exit-poll-dashboard/data/2006/General/State/AZ 2006.csv
NM,2006,General,State,,/Users/joellegr/Documents/GitHub/exit-poll-dashboard/data/2006/General/State/NM 2006.csv
TN,2006,General,State,,/Users/joellegr/Documents/GitHub/exit-poll-dashboard/data/2006/General/State/TN 2006.csv
NY,2006,General,State,,/Users/joellegr/Documents/GitHub/exit-poll-dashboard/data/2006/General/State/NY 2006.csv
WA,2006,General,State,,/Users/joellegr/Documents/GitHub/exit-poll-dashboard/data/2006/General/State/WA 2006.csv
PA,2006,General,State,,/Users/joellegr/Documents/GitHub/exit-poll-dashboard/data/2006/General/State/PA 2006.csv
VT,2006,General,State,,/Users/joellegr/Documents/GitHub/exit-poll-dashboard/data/2006/General/State/VT 2006.csv
CT,2006,General,State,,/Users/joellegr/Documents/GitHub/exit-poll-dashboard/data/2006/General/State/CT 2006.csv
WY,2006,General,State,,/Users/joellegr/Documents/GitHub/exit-poll-dashboard/data/2006/General/State/WY 2006.csv
MO,2006,General,State,,/Users/joellegr/Documents/GitHub/exit-poll-dashboard/data/2006/General/State/MO 2006.csv
MN,2006,General,State,,/Users/joellegr/Documents/GitHub/exit-poll-dashboard/data/2006/General/State/MN 2006.csv
CA,2006,General,State,,/Users/joellegr/Documents/GitHub/exit-poll-dashboard/data/2006/General/State/CA 2006.csv
NJ,2006,General,State,,/Users/joellegr/Documents/GitHub/exit-poll-dashboard/data/2006/General/State/NJ 2006.csv
National,2006,General,State,,/Users/joellegr/Documents/GitHub/exit-poll-dashboard/data/2006/General/State/National 2006.csv
VA,2006,General,State,,/Users/joellegr/Documents/GitHub/exit-poll-dashboard/data/2006/General/State/VA 2006.csv
IL,2006,General,State,,/Users/joellegr/Documents/GitHub/exit-poll-dashboard/data/2006/General/State/IL 2006.csv
ME,2006,General,State,,/Users/joellegr/Documents/GitHub/exit-poll-dashboard/data/2006/General/State/ME 2006.csv
RI,2006,General,State,,/Users/joellegr/Documents/GitHub/exit-poll-dashboard/data/2006/General/State/RI 2006.csv
MD,2006,General,State,,/Users/joellegr/Documents/GitHub/exit-poll-dashboard/data/2006/General/State/MD 2006.csv
OH,2006,General,State,,/Users/joellegr/Documents/GitHub/exit-poll-dashboard/data/2006/General/State/OH 2006.csv
MT,2006,General,State,,/Users/joellegr/Documents/GitHub/exit-poll-dashboard/data/2006/General/State/MT 2006.csv
UT,2006,General,State,,/Users/joellegr/Documents/GitHub/exit-poll-dashboard/data/2006/General/State/UT 2006.csv
WI,2006,General,State,,/Users/joellegr/Documents/GitHub/exit-poll-dashboard/data/2006/General/State/WI 2006.csv
WV,2006,General,State,,/Users/joellegr/Documents/GitHub/exit-poll-dashboard/data/2006/General/State/WV 2006.csv
TX,2006,General,State,,/Users/joellegr/Documents/GitHub/exit-poll-dashboard/data/2006/General/State/TX 2006.csv
MA,2006,General,State,,/Users/joellegr/Documents/GitHub/exit-poll-dashboard/data/2006/General/State/MA 2006.csv
NE,2006,General,State,,/Users/joellegr/Documents/GitHub/exit-poll-dashboard/data/2006/General/State/NE 2006.csv
ND,2006,General,State,,/Users/joellegr/Documents/GitHub/exit-poll-dashboard/data/2006/General/State/ND 2006.csv
GA,2006,General,State,,/Users/joellegr/Documents/GitHub/exit-poll-dashboard/data/2006/General/State/GA 2006.csv
FL,2006,General,State,,/Users/joellegr/Documents/GitHub/exit-poll-dashboard/data/2006/General/State/FL 2006.csv
HI,2006,General,State,,/Users/joellegr/Documents/GitHub/exit-poll-dashboard/data/2006/General/State/HI 2006.csv
NV,2006,General,State,,/Users/joellegr/Documents/GitHub/exit-poll-dashboard/data/2006/General/State/NV 2006.csv
National,2000,General,National,,/Users/joellegr/Documents/GitHub/exit-poll-dashboard/data/2000/General/National/National 2000.csv
SC,2000,General,State,,/Users/joellegr/Documents/GitHub/exit-poll-dashboard/data/2000/General/State/SC 2000.csv
OK,2000,General,State,,/Users/joellegr/Documents/GitHub/exit-poll-dashboard/data/2000/General/State/OK 2000.csv
TN,2000,General,State,,/Users/joellegr/Documents/GitHub/exit-poll-dashboard/data/2000/General/State/TN 2000.csv
NY,2000,General,State,,/Users/joellegr/Documents/GitHub/exit-poll-dashboard/data/2000/General/State/NY 2000.csv
WA,2000,General,State,,/Users/joellegr/Documents/GitHub/exit-poll-dashboard/data/2000/General/State/WA 2000.csv
MI,2000,General,State,,/Users/joellegr/Documents/GitHub/exit-poll-dashboard/data/2000/General/State/MI 2000.csv
IA,2000,General,State,,/Users/joellegr/Documents/GitHub/exit-poll-dashboard/data/2000/General/State/IA 2000.csv
AZ,2000,General,State,,/Users/joellegr/Documents/GitHub/exit-poll-dashboard/data/2000/General/State/AZ 2000.csv
NM,2000,General,State,,/Users/joellegr/Documents/GitHub/exit-poll-dashboard/data/2000/General/State/NM 2000.csv
WY,2000,General,State,,/Users/joellegr/Documents/GitHub/exit-poll-dashboard/data/2000/General/State/WY 2000.csv
OR,2000,General,State,,/Users/joellegr/Documents/GitHub/exit-poll-dashboard/data/2000/General/State/OR 2000.csv
MN,2000,General,State,,/Users/joellegr/Documents/GitHub/exit-poll-dashboard/data/2000/General/State/MN 2000.csv
MO,2000,General,State,,/Users/joellegr/Documents/GitHub/exit-poll-dashboard/data/2000/General/State/MO 2000.csv
CA,2000,General,State,,/Users/joellegr/Documents/GitHub/exit-poll-dashboard/data/2000/General/State/CA 2000.csv
NJ,2000,General,State,,/Users/joellegr/Documents/GitHub/exit-poll-dashboard/data/2000/General/State/NJ 2000.csv
IL,2000,General,State,,/Users/joellegr/Documents/GitHub/exit-poll-dashboard/data/2000/General/State/IL 2000.csv
VA,2000,General,State,,/Users/joellegr/Documents/GitHub/exit-poll-dashboard/data/2000/General/State/VA 2000.csv
MD,2000,General,State,,/Users/joellegr/Documents/GitHub/exit-poll-dashboard/data/2000/General/State/MD 2000.csv
RI,2000,General,State,,/Users/joellegr/Documents/GitHub/exit-poll-dashboard/data/2000/General/State/RI 2000.csv
ME,2000,General,State,,/Users/joellegr/Documents/GitHub/exit-poll-dashboard/data/2000/General/State/ME 2000.csv
SD,2000,General,State,,/Users/joellegr/Documents/GitHub/exit-poll-dashboard/data/2000/General/State/SD 2000.csv
PA,2000,General,State,,/Users/joellegr/Documents/GitHub/exit-poll-dashboard/data/2000/General/State/PA 2000.csv
VT,2000,General,State,,/Users/joellegr/Documents/GitHub/exit-poll-dashboard/data/2000/General/State/VT 2000.csv
CT,2000,General,State,,/Users/joellegr/Documents/GitHub/exit-poll-dashboard/data/2000/General/State/CT 2000.csv
WV,2000,General,State,,/Users/joellegr/Documents/GitHub/exit-poll-dashboard/data/2000/General/State/WV 2000.csv
TX,2000,General,State,,/Users/joellegr/Documents/GitHub/exit-poll-dashboard/data/2000/General/State/TX 2000.csv
MA,2000,General,State,,/Users/joellegr/Documents/GitHub/exit-poll-dashboard/data/2000/General/State/MA 2000.csv
DC,2000,General,State,,/Users/joellegr/Documents/GitHub/exit-poll-dashboard/data/2000/General/State/DC 2000.csv
ND,2000,General,State,,/Users/joellegr/Documents/GitHub/exit-poll-dashboard/data/2000/General/State/ND 2000.csv
NE,2000,General,State,,/Users/joellegr/Documents/GitHub/exit-poll-dashboard/data/2000/General/State/NE 2000.csv
AR,2000,General,State,,/Users/joellegr/Documents/GitHub/exit-poll-dashboard/data/2000/General/State/AR 2000.csv
CO,2000,General,State,,/Users/joellegr/Documents/GitHub/exit-poll-dashboard/data/2000/General/State/CO 2000.csv
OH,2000,General,State,,/Users/joellegr/Documents/GitHub/exit-poll-dashboard/data/2000/General/State/OH 2000.csv
MT,2000,General,State,,/Users/joellegr/Documents/GitHub/exit-poll-dashboard/data/2000/General/State/MT 2000.csv
AL,2000,General,State,,/Users/joellegr/Documents/GitHub/exit-poll-dashboard/data/2000/General/State/AL 2000.csv
UT,2000,General,State,,/Users/joellegr/Documents/GitHub/exit-poll-dashboard/data/2000/General/State/UT 2000.csv
WI,2000,General,State,,/Users/joellegr/Documents/GitHub/exit-poll-dashboard/data/2000/General/State/WI 2000.csv
MS,2000,General,State,,/Users/joellegr/Documents/GitHub/exit-poll-dashboard/data/2000/General/State/MS 2000.csv
FL,2000,General,State,,/Users/joellegr/Documents/GitHub/exit-poll-dashboard/data/2000/General/State/FL 2000.csv
LA,2000,General,State,,/Users/joellegr/Documents/GitHub/exit-poll-dashboard/data/2000/General/State/LA 2000.csv
HI,2000,General,State,,/Users/joellegr/Documents/GitHub/exit-poll-dashboard/data/2000/General/State/HI 2000.csv
AK,2000,General,State,,/Users/joellegr/Documents/GitHub/exit-poll-dashboard/data/2000/General/State/AK 2000.csv
NV,2000,General,State,,/Users/joellegr/Documents/GitHub/exit-poll-dashboard/data/2000/General/State/NV 2000.csv
NH,2000,General,State,,/Users/joellegr/Documents/GitHub/exit-poll-dashboard/data/2000/General/State/NH 2000.csv
IN,2000,General,State,,/Users/joellegr/Documents/GitHub/exit-poll-dashboard/data/2000/General/State/IN 2000.csv
KS,2000,General,State,,/Users/joellegr/Documents/GitHub/exit-poll-dashboard/data/2000/General/State/KS 2000.csv
DE,2000,General,State,,/Users/joellegr/Documents/GitHub/exit-poll-dashboard/data/2000/General/State/DE 2000.csv
NC,2000,General,State,,/Users/joellegr/Documents/GitHub/exit-poll-dashboard/data/2000/General/State/NC 2000.csv
GA,2000,General,State,,/Users/joellegr/Documents/GitHub/exit-poll-dashboard/data/2000/General/State/GA 2000.csv
KY,2000,General,State,,/Users/joellegr/Documents/GitHub/exit-poll-dashboard/data/2000/General/State/KY 2000.csv
ID,2000,General,State,,/Users/joellegr/Documents/GitHub/exit-poll-dashboard/data/2000/General/State/ID 2000.csv
ME,2000,Primary,N/A,REP,/Users/joellegr/Documents/GitHub/exit-poll-dashboard/data/2000/Primary/ME REP 2000.csv
OH,2000,Primary,N/A,DEM,/Users/joellegr/Documents/GitHub/exit-poll-dashboard/data/2000/Primary/OH DEM 2000.csv
MS,2000,Primary,N/A,DEM,/Users/joellegr/Documents/GitHub/exit-poll-dashboard/data/2000/Primary/MS DEM 2000.csv
CO,2000,Primary,N/A,REP,/Users/joellegr/Documents/GitHub/exit-poll-dashboard/data/2000/Primary/CO REP 2000.csv
GA,2000,Primary,N/A,DEM,/Users/joellegr/Documents/GitHub/exit-poll-dashboard/data/2000/Primary/GA DEM 2000.csv
CA,2000,Primary,N/A,DEM,/Users/joellegr/Documents/GitHub/exit-poll-dashboard/data/2000/Primary/CA DEM 2000.csv
LA,2000,Primary,N/A,REP,/Users/joellegr/Documents/GitHub/exit-poll-dashboard/data/2000/Primary/LA REP 2000.csv
FL,2000,Primary,N/A,REP,/Users/joellegr/Documents/GitHub/exit-poll-dashboard/data/2000/Primary/FL REP 2000.csv
MD,2000,Primary,N/A,REP,/Users/joellegr/Documents/GitHub/exit-poll-dashboard/data/2000/Primary/MD REP 2000.csv
RI,2000,Primary,N/A,REP,/Users/joellegr/Documents/GitHub/exit-poll-dashboard/data/2000/Primary/RI REP 2000.csv
TN,2000,Primary,N/A,DEM,/Users/joellegr/Documents/GitHub/exit-poll-dashboard/data/2000/Primary/TN DEM 2000.csv
TX,2000,Primary,N/A,REP,/Users/joellegr/Documents/GitHub/exit-poll-dashboard/data/2000/Primary/TX REP 2000.csv
DE,2000,Primary,N/A,REP,/Users/joellegr/Documents/GitHub/exit-poll-dashboard/data/2000/Primary/DE REP 2000.csv
CA None,2000,Primary,N/A,,/Users/joellegr/Documents/GitHub/exit-poll-dashboard/data/2000/Primary/CA None 2000.csv
NH,2000,Primary,N/A,REP,/Users/joellegr/Documents/GitHub/exit-poll-dashboard/data/2000/Primary/NH REP 2000.csv
NY,2000,Primary,N/A,DEM,/Users/joellegr/Documents/GitHub/exit-poll-dashboard/data/2000/Primary/NY DEM 2000.csv
MI,2000,Primary,N/A,REP,/Users/joellegr/Documents/GitHub/exit-poll-dashboard/data/2000/Primary/MI REP 2000.csv
IA,2000,Primary,N/A,DEM,/Users/joellegr/Documents/GitHub/exit-poll-dashboard/data/2000/Primary/IA DEM 2000.csv
MA,2000,Primary,N/A,DEM,/Users/joellegr/Documents/GitHub/exit-poll-dashboard/data/2000/Primary/MA DEM 2000.csv
OK,2000,Primary,N/A,REP,/Users/joellegr/Documents/GitHub/exit-poll-dashboard/data/2000/Primary/OK REP 2000.csv
VT,2000,Primary,N/A,DEM,/Users/joellegr/Documents/GitHub/exit-poll-dashboard/data/2000/Primary/VT DEM 2000.csv
CT,2000,Primary,N/A,DEM,/Users/joellegr/Documents/GitHub/exit-poll-dashboard/data/2000/Primary/CT DEM 2000.csv
MO,2000,Primary,N/A,REP,/Users/joellegr/Documents/GitHub/exit-poll-dashboard/data/2000/Primary/MO REP 2000.csv
FL,2000,Primary,N/A,DEM,/Users/joellegr/Documents/GitHub/exit-poll-dashboard/data/2000/Primary/FL DEM 2000.csv
LA,2000,Primary,N/A,DEM,/Users/joellegr/Documents/GitHub/exit-poll-dashboard/data/2000/Primary/LA DEM 2000.csv
MD,2000,Primary,N/A,DEM,/Users/joellegr/Documents/GitHub/exit-poll-dashboard/data/2000/Primary/MD DEM 2000.csv
RI,2000,Primary,N/A,DEM,/Users/joellegr/Documents/GitHub/exit-poll-dashboard/data/2000/Primary/RI DEM 2000.csv
MS,2000,Primary,N/A,REP,/Users/joellegr/Documents/GitHub/exit-poll-dashboard/data/2000/Primary/MS REP 2000.csv
SC,2000,Primary,N/A,REP,/Users/joellegr/Documents/GitHub/exit-poll-dashboard/data/2000/Primary/SC REP 2000.csv
OH,2000,Primary,N/A,REP,/Users/joellegr/Documents/GitHub/exit-poll-dashboard/data/2000/Primary/OH REP 2000.csv
ME,2000,Primary,N/A,DEM,/Users/joellegr/Documents/GitHub/exit-poll-dashboard/data/2000/Primary/ME DEM 2000.csv
VA,2000,Primary,N/A,REP,/Users/joellegr/Documents/GitHub/exit-poll-dashboard/data/2000/Primary/VA REP 2000.csv
CO,2000,Primary,N/A,DEM,/Users/joellegr/Documents/GitHub/exit-poll-dashboard/data/2000/Primary/CO DEM 2000.csv
GA,2000,Primary,N/A,REP,/Users/joellegr/Documents/GitHub/exit-poll-dashboard/data/2000/Primary/GA REP 2000.csv
AZ,2000,Primary,N/A,REP,/Users/joellegr/Documents/GitHub/exit-poll-dashboard/data/2000/Primary/AZ REP 2000.csv
CA,2000,Primary,N/A,REP,/Users/joellegr/Documents/GitHub/exit-poll-dashboard/data/2000/Primary/CA REP 2000.csv
IA,2000,Primary,N/A,REP,/Users/joellegr/Documents/GitHub/exit-poll-dashboard/data/2000/Primary/IA REP 2000.csv
VT,2000,Primary,N/A,REP,/Users/joellegr/Documents/GitHub/exit-poll-dashboard/data/2000/Primary/VT REP 2000.csv
OK,2000,Primary,N/A,DEM,/Users/joellegr/Documents/GitHub/exit-poll-dashboard/data/2000/Primary/OK DEM 2000.csv
MA,2000,Primary,N/A,REP,/Users/joellegr/Documents/GitHub/exit-poll-dashboard/data/2000/Primary/MA REP 2000.csv
CT,2000,Primary,N/A,REP,/Users/joellegr/Documents/GitHub/exit-poll-dashboard/data/2000/Primary/CT REP 2000.csv
MO,2000,Primary,N/A,DEM,/Users/joellegr/Documents/GitHub/exit-poll-dashboard/data/2000/Primary/MO DEM 2000.csv
TX,2000,Primary,N/A,DEM,/Users/joellegr/Documents/GitHub/exit-poll-dashboard/data/2000/Primary/TX DEM 2000.csv
TN,2000,Primary,N/A,REP,/Users/joellegr/Documents/GitHub/exit-poll-dashboard/data/2000/Primary/TN REP 2000.csv
NY,2000,Primary,N/A,REP,/Users/joellegr/Documents/GitHub/exit-poll-dashboard/data/2000/Primary/NY REP 2000.csv
NH,2000,Primary,N/A,DEM,/Users/joellegr/Documents/GitHub/exit-poll-dashboard/data/2000/Primary/NH DEM 2000.csv
DE,2000,Primary,N/A,DEM,/Users/joellegr/Documents/GitHub/exit-poll-dashboard/data/2000/Primary/DE DEM 2000.csv
UT,2000,Primary,N/A,REP,/Users/joellegr/Documents/GitHub/exit-poll-dashboard/data/2000/Primary/UT REP 2000.csv
NJ,2009,General,State,,/Users/joellegr/Documents/GitHub/exit-poll-dashboard/data/2009/General/State/NJ 2009.csv
National,2009,General,State,,/Users/joellegr/Documents/GitHub/exit-poll-dashboard/data/2009/General/State/National 2009.csv
VA,2009,General,State,,/Users/joellegr/Documents/GitHub/exit-poll-dashboard/data/2009/General/State/VA 2009.csv
NJ,2017,General,State,,/Users/joellegr/Documents/GitHub/exit-poll-dashboard/data/2017/General/State/NJ 2017.csv
National,2017,General,State,,/Users/joellegr/Documents/GitHub/exit-poll-dashboard/data/2017/General/State/National 2017.csv
VA,2017,General,State,,/Users/joellegr/Documents/GitHub/exit-poll-dashboard/data/2017/General/State/VA 2017.csv
National,2010,General,National,,/Users/joellegr/Documents/GitHub/exit-poll-dashboard/data/2010/General/National/National 2010.csv
AZ,2010,General,State,,/Users/joellegr/Documents/GitHub/exit-poll-dashboard/data/2010/General/State/AZ 2010.csv
IA,2010,General,State,,/Users/joellegr/Documents/GitHub/exit-poll-dashboard/data/2010/General/State/IA 2010.csv
WA,2010,General,State,,/Users/joellegr/Documents/GitHub/exit-poll-dashboard/data/2010/General/State/WA 2010.csv
NY,2010,General,State,,/Users/joellegr/Documents/GitHub/exit-poll-dashboard/data/2010/General/State/NY 2010.csv
SC,2010,General,State,,/Users/joellegr/Documents/GitHub/exit-poll-dashboard/data/2010/General/State/SC 2010.csv
CT,2010,General,State,,/Users/joellegr/Documents/GitHub/exit-poll-dashboard/data/2010/General/State/CT 2010.csv
VT,2010,General,State,,/Users/joellegr/Documents/GitHub/exit-poll-dashboard/data/2010/General/State/VT 2010.csv
PA,2010,General,State,,/Users/joellegr/Documents/GitHub/exit-poll-dashboard/data/2010/General/State/PA 2010.csv
IL,2010,General,State,,/Users/joellegr/Documents/GitHub/exit-poll-dashboard/data/2010/General/State/IL 2010.csv
National,2010,General,State,,/Users/joellegr/Documents/GitHub/exit-poll-dashboard/data/2010/General/State/National 2010.csv
CA,2010,General,State,,/Users/joellegr/Documents/GitHub/exit-poll-dashboard/data/2010/General/State/CA 2010.csv
MO,2010,General,State,,/Users/joellegr/Documents/GitHub/exit-poll-dashboard/data/2010/General/State/MO 2010.csv
OR,2010,General,State,,/Users/joellegr/Documents/GitHub/exit-poll-dashboard/data/2010/General/State/OR 2010.csv
WI,2010,General,State,,/Users/joellegr/Documents/GitHub/exit-poll-dashboard/data/2010/General/State/WI 2010.csv
OH,2010,General,State,,/Users/joellegr/Documents/GitHub/exit-poll-dashboard/data/2010/General/State/OH 2010.csv
CO,2010,General,State,,/Users/joellegr/Documents/GitHub/exit-poll-dashboard/data/2010/General/State/CO 2010.csv
AR,2010,General,State,,/Users/joellegr/Documents/GitHub/exit-poll-dashboard/data/2010/General/State/AR 2010.csv
TX,2010,General,State,,/Users/joellegr/Documents/GitHub/exit-poll-dashboard/data/2010/General/State/TX 2010.csv
WV,2010,General,State,,/Users/joellegr/Documents/GitHub/exit-poll-dashboard/data/2010/General/State/WV 2010.csv
KY,2010,General,State,,/Users/joellegr/Documents/GitHub/exit-poll-dashboard/data/2010/General/State/KY 2010.csv
DE,2010,General,State,,/Users/joellegr/Documents/GitHub/exit-poll-dashboard/data/2010/General/State/DE 2010.csv
IN,2010,General,State,,/Users/joellegr/Documents/GitHub/exit-poll-dashboard/data/2010/General/State/IN 2010.csv
NH,2010,General,State,,/Users/joellegr/Documents/GitHub/exit-poll-dashboard/data/2010/General/State/NH 2010.csv
NV,2010,General,State,,/Users/joellegr/Documents/GitHub/exit-poll-dashboard/data/2010/General/State/NV 2010.csv
HI,2010,General,State,,/Users/joellegr/Documents/GitHub/exit-poll-dashboard/data/2010/General/State/HI 2010.csv
LA,2010,General,State,,/Users/joellegr/Documents/GitHub/exit-poll-dashboard/data/2010/General/State/LA 2010.csv
FL,2010,General,State,,/Users/joellegr/Documents/GitHub/exit-poll-dashboard/data/2010/General/State/FL 2010.csv
National,2020,General,National,,/Users/joellegr/Documents/GitHub/exit-poll-dashboard/data/2020/General/National/National 2020.csv
FL,2020,General,State,,/Users/joellegr/Documents/GitHub/exit-poll-dashboard/data/2020/General/State/FL 2020.csv
NV,2020,General,State,,/Users/joellegr/Documents/GitHub/exit-poll-dashboard/data/2020/General/State/NV 2020.csv
NH,2020,General,State,,/Users/joellegr/Documents/GitHub/exit-poll-dashboard/data/2020/General/State/NH 2020.csv
KY,2020,General,State,,/Users/joellegr/Documents/GitHub/exit-poll-dashboard/data/2020/General/State/KY 2020.csv
GA,2020,General,State,,/Users/joellegr/Documents/GitHub/exit-poll-dashboard/data/2020/General/State/GA 2020.csv
NC,2020,General,State,,/Users/joellegr/Documents/GitHub/exit-poll-dashboard/data/2020/General/State/NC 2020.csv
DC,2020,General,State,,/Users/joellegr/Documents/GitHub/exit-poll-dashboard/data/2020/General/State/DC 2020.csv
TX,2020,General,State,,/Users/joellegr/Documents/GitHub/exit-poll-dashboard/data/2020/General/State/TX 2020.csv
CO,2020,General,State,,/Users/joellegr/Documents/GitHub/exit-poll-dashboard/data/2020/General/State/CO 2020.csv
AL,2020,General,State,,/Users/joellegr/Documents/GitHub/exit-poll-dashboard/data/2020/General/State/AL 2020.csv
MT,2020,General,State,,/Users/joellegr/Documents/GitHub/exit-poll-dashboard/data/2020/General/State/MT 2020.csv
OH,2020,General,State,,/Users/joellegr/Documents/GitHub/exit-poll-dashboard/data/2020/General/State/OH 2020.csv
WI,2020,General,State,,/Users/joellegr/Documents/GitHub/exit-poll-dashboard/data/2020/General/State/WI 2020.csv
MN,2020,General,State,,/Users/joellegr/Documents/GitHub/exit-poll-dashboard/data/2020/General/State/MN 2020.csv
OR,2020,General,State,,/Users/joellegr/Documents/GitHub/exit-poll-dashboard/data/2020/General/State/OR 2020.csv
ME,2020,General,State,,/Users/joellegr/Documents/GitHub/exit-poll-dashboard/data/2020/General/State/ME 2020.csv
VA,2020,General,State,,/Users/joellegr/Documents/GitHub/exit-poll-dashboard/data/2020/General/State/VA 2020.csv
CA,2020,General,State,,/Users/joellegr/Documents/GitHub/exit-poll-dashboard/data/2020/General/State/CA 2020.csv
PA,2020,General,State,,/Users/joellegr/Documents/GitHub/exit-poll-dashboard/data/2020/General/State/PA 2020.csv
SC,2020,General,State,,/Users/joellegr/Documents/GitHub/exit-poll-dashboard/data/2020/General/State/SC 2020.csv
WA,2020,General,State,,/Users/joellegr/Documents/GitHub/exit-poll-dashboard/data/2020/General/State/WA 2020.csv
NY,2020,General,State,,/Users/joellegr/Documents/GitHub/exit-poll-dashboard/data/2020/General/State/NY 2020.csv
IA,2020,General,State,,/Users/joellegr/Documents/GitHub/exit-poll-dashboard/data/2020/General/State/IA 2020.csv
MI,2020,General,State,,/Users/joellegr/Documents/GitHub/exit-poll-dashboard/data/2020/General/State/MI 2020.csv
AZ,2020,General,State,,/Users/joellegr/Documents/GitHub/exit-poll-dashboard/data/2020/General/State/AZ 2020.csv
OK,2020,Primary,N/A,DEM,/Users/joellegr/Documents/GitHub/exit-poll-dashboard/data/2020/Primary/OK Dem 2020.csv
MO,2020,Primary,N/A,DEM,/Users/joellegr/Documents/GitHub/exit-poll-dashboard/data/2020/Primary/MO Dem 2020.csv
NV,2020,Primary,N/A,DEM,/Users/joellegr/Documents/GitHub/exit-poll-dashboard/data/2020/Primary/NV Dem 2020.csv
WA,2020,Primary,N/A,DEM,/Users/joellegr/Documents/GitHub/exit-poll-dashboard/data/2020/Primary/WA Dem 2020.csv
NH,2020,Primary,N/A,DEM,/Users/joellegr/Documents/GitHub/exit-poll-dashboard/data/2020/Primary/NH Dem 2020.csv
TX,2020,Primary,N/A,DEM,/Users/joellegr/Documents/GitHub/exit-poll-dashboard/data/2020/Primary/TX Dem 2020.csv
MN,2020,Primary,N/A,DEM,/Users/joellegr/Documents/GitHub/exit-poll-dashboard/data/2020/Primary/MN Dem 2020.csv
MI,2020,Primary,N/A,DEM,/Users/joellegr/Documents/GitHub/exit-poll-dashboard/data/2020/Primary/MI Dem 2020.csv
FL,2020,Primary,N/A,DEM,/Users/joellegr/Documents/GitHub/exit-poll-dashboard/data/2020/Primary/FL Dem 2020.csv
CO,2020,Primary,N/A,DEM,/Users/joellegr/Documents/GitHub/exit-poll-dashboard/data/2020/Primary/CO Dem 2020.csv
ME,2020,Primary,N/A,DEM,/Users/joellegr/Documents/GitHub/exit-poll-dashboard/data/2020/Primary/ME Dem 2020.csv
NC,2020,Primary,N/A,DEM,/Users/joellegr/Documents/GitHub/exit-poll-dashboard/data/2020/Primary/NC Dem 2020.csv
AL,2020,Primary,N/A,DEM,/Users/joellegr/Documents/GitHub/exit-poll-dashboard/data/2020/Primary/AL Dem 2020.csv
TN,2020,Primary,N/A,DEM,/Users/joellegr/Documents/GitHub/exit-poll-dashboard/data/2020/Primary/TN Dem 2020.csv
VT,2020,Primary,N/A,DEM,/Users/joellegr/Documents/GitHub/exit-poll-dashboard/data/2020/Primary/VT Dem 2020.csv
MA,2020,Primary,N/A,DEM,/Users/joellegr/Documents/GitHub/exit-poll-dashboard/data/2020/Primary/MA Dem 2020.csv
IA,2020,Primary,N/A,DEM,/Users/joellegr/Documents/GitHub/exit-poll-dashboard/data/2020/Primary/IA Dem 2020.csv
National,2020,Primary,N/A,DEM,/Users/joellegr/Documents/GitHub/exit-poll-dashboard/data/2020/Primary/National DEM 2020.csv
MS,2020,Primary,N/A,DEM,/Users/joellegr/Documents/GitHub/exit-poll-dashboard/data/2020/Primary/MS Dem 2020.csv
SC,2020,Primary,N/A,DEM,/Users/joellegr/Documents/GitHub/exit-poll-dashboard/data/2020/Primary/SC Dem 2020.csv
VA,2020,Primary,N/A,DEM,/Users/joellegr/Documents/GitHub/exit-poll-dashboard/data/2020/Primary/VA Dem 2020.csv
AZ,2020,Primary,N/A,DEM,/Users/joellegr/Documents/GitHub/exit-poll-dashboard/data/2020/Primary/AZ Dem 2020.csv
IL,2020,Primary,N/A,DEM,/Users/joellegr/Documents/GitHub/exit-poll-dashboard/data/2020/Primary/IL Dem 2020.csv
CA,2020,Primary,N/A,DEM,/Users/joellegr/Documents/GitHub/exit-poll-dashboard/data/2020/Primary/CA Dem 2020.csv
National,2018,General,National,,/Users/joellegr/Documents/GitHub/exit-poll-dashboard/data/2018/General/National/National 2018.csv
GA,2018,General,State,,/Users/joellegr/Documents/GitHub/exit-poll-dashboard/data/2018/General/State/GA 2018.csv
IN,2018,General,State,,/Users/joellegr/Documents/GitHub/exit-poll-dashboard/data/2018/General/State/IN 2018.csv
NV,2018,General,State,,/Users/joellegr/Documents/GitHub/exit-poll-dashboard/data/2018/General/State/NV 2018.csv
MS,2018,General,State,,/Users/joellegr/Documents/GitHub/exit-poll-dashboard/data/2018/General/State/MS 2018.csv
FL,2018,General,State,,/Users/joellegr/Documents/GitHub/exit-poll-dashboard/data/2018/General/State/FL 2018.csv
WI,2018,General,State,,/Users/joellegr/Documents/GitHub/exit-poll-dashboard/data/2018/General/State/WI 2018.csv
OH,2018,General,State,,/Users/joellegr/Documents/GitHub/exit-poll-dashboard/data/2018/General/State/OH 2018.csv
MT,2018,General,State,,/Users/joellegr/Documents/GitHub/exit-poll-dashboard/data/2018/General/State/MT 2018.csv
ND,2018,General,State,,/Users/joellegr/Documents/GitHub/exit-poll-dashboard/data/2018/General/State/ND 2018.csv
WV,2018,General,State,,/Users/joellegr/Documents/GitHub/exit-poll-dashboard/data/2018/General/State/WV 2018.csv
TX,2018,General,State,,/Users/joellegr/Documents/GitHub/exit-poll-dashboard/data/2018/General/State/TX 2018.csv
PA,2018,General,State,,/Users/joellegr/Documents/GitHub/exit-poll-dashboard/data/2018/General/State/PA 2018.csv
CA,2018,General,State,,/Users/joellegr/Documents/GitHub/exit-poll-dashboard/data/2018/General/State/CA 2018.csv
NJ,2018,General,State,,/Users/joellegr/Documents/GitHub/exit-poll-dashboard/data/2018/General/State/NJ 2018.csv
National,2018,General,State,,/Users/joellegr/Documents/GitHub/exit-poll-dashboard/data/2018/General/State/National 2018.csv
VA,2018,General,State,,/Users/joellegr/Documents/GitHub/exit-poll-dashboard/data/2018/General/State/VA 2018.csv
MN,2018,General,State,,/Users/joellegr/Documents/GitHub/exit-poll-dashboard/data/2018/General/State/MN 2018.csv
MO,2018,General,State,,/Users/joellegr/Documents/GitHub/exit-poll-dashboard/data/2018/General/State/MO 2018.csv
AZ,2018,General,State,,/Users/joellegr/Documents/GitHub/exit-poll-dashboard/data/2018/General/State/AZ 2018.csv
MI,2018,General,State,,/Users/joellegr/Documents/GitHub/exit-poll-dashboard/data/2018/General/State/MI 2018.csv
TN,2018,General,State,,/Users/joellegr/Documents/GitHub/exit-poll-dashboard/data/2018/General/State/TN 2018.csv
NY,2018,General,State,,/Users/joellegr/Documents/GitHub/exit-poll-dashboard/data/2018/General/State/NY 2018.csv
National,2016,General,National,,/Users/joellegr/Documents/GitHub/exit-poll-dashboard/data/2016/General/National/National 2016.csv
WA,2016,General,State,,/Users/joellegr/Documents/GitHub/exit-poll-dashboard/data/2016/General/State/WA 2016.csv
NY,2016,General,State,,/Users/joellegr/Documents/GitHub/exit-poll-dashboard/data/2016/General/State/NY 2016.csv
SC,2016,General,State,,/Users/joellegr/Documents/GitHub/exit-poll-dashboard/data/2016/General/State/SC 2016.csv
NM,2016,General,State,,/Users/joellegr/Documents/GitHub/exit-poll-dashboard/data/2016/General/State/NM 2016.csv
AZ,2016,General,State,,/Users/joellegr/Documents/GitHub/exit-poll-dashboard/data/2016/General/State/AZ 2016.csv
IA,2016,General,State,,/Users/joellegr/Documents/GitHub/exit-poll-dashboard/data/2016/General/State/IA 2016.csv
MI,2016,General,State,,/Users/joellegr/Documents/GitHub/exit-poll-dashboard/data/2016/General/State/MI 2016.csv
ME,2016,General,State,,/Users/joellegr/Documents/GitHub/exit-poll-dashboard/data/2016/General/State/ME 2016.csv
IL,2016,General,State,,/Users/joellegr/Documents/GitHub/exit-poll-dashboard/data/2016/General/State/IL 2016.csv
VA,2016,General,State,,/Users/joellegr/Documents/GitHub/exit-poll-dashboard/data/2016/General/State/VA 2016.csv
NJ,2016,General,State,,/Users/joellegr/Documents/GitHub/exit-poll-dashboard/data/2016/General/State/NJ 2016.csv
CA,2016,General,State,,/Users/joellegr/Documents/GitHub/exit-poll-dashboard/data/2016/General/State/CA 2016.csv
MO,2016,General,State,,/Users/joellegr/Documents/GitHub/exit-poll-dashboard/data/2016/General/State/MO 2016.csv
MN,2016,General,State,,/Users/joellegr/Documents/GitHub/exit-poll-dashboard/data/2016/General/State/MN 2016.csv
OR,2016,General,State,,/Users/joellegr/Documents/GitHub/exit-poll-dashboard/data/2016/General/State/OR 2016.csv
PA,2016,General,State,,/Users/joellegr/Documents/GitHub/exit-poll-dashboard/data/2016/General/State/PA 2016.csv
CO,2016,General,State,,/Users/joellegr/Documents/GitHub/exit-poll-dashboard/data/2016/General/State/CO 2016.csv
TX,2016,General,State,,/Users/joellegr/Documents/GitHub/exit-poll-dashboard/data/2016/General/State/TX 2016.csv
WI,2016,General,State,,/Users/joellegr/Documents/GitHub/exit-poll-dashboard/data/2016/General/State/WI 2016.csv
UT,2016,General,State,,/Users/joellegr/Documents/GitHub/exit-poll-dashboard/data/2016/General/State/UT 2016.csv
OH,2016,General,State,,/Users/joellegr/Documents/GitHub/exit-poll-dashboard/data/2016/General/State/OH 2016.csv
NV,2016,General,State,,/Users/joellegr/Documents/GitHub/exit-poll-dashboard/data/2016/General/State/NV 2016.csv
FL,2016,General,State,,/Users/joellegr/Documents/GitHub/exit-poll-dashboard/data/2016/General/State/FL 2016.csv
KY,2016,General,State,,/Users/joellegr/Documents/GitHub/exit-poll-dashboard/data/2016/General/State/KY 2016.csv
GA,2016,General,State,,/Users/joellegr/Documents/GitHub/exit-poll-dashboard/data/2016/General/State/GA 2016.csv
NC,2016,General,State,,/Users/joellegr/Documents/GitHub/exit-poll-dashboard/data/2016/General/State/NC 2016.csv
IN,2016,General,State,,/Users/joellegr/Documents/GitHub/exit-poll-dashboard/data/2016/General/State/IN 2016.csv
NH,2016,General,State,,/Users/joellegr/Documents/GitHub/exit-poll-dashboard/data/2016/General/State/NH 2016.csv
NC,2016,Primary,N/A,REP,/Users/joellegr/Documents/GitHub/exit-poll-dashboard/data/2016/Primary/NC REP 2016.csv
AL,2016,Primary,N/A,REP,/Users/joellegr/Documents/GitHub/exit-poll-dashboard/data/2016/Primary/AL REP 2016.csv
IL,2016,Primary,N/A,DEM,/Users/joellegr/Documents/GitHub/exit-poll-dashboard/data/2016/Primary/IL DEM 2016.csv
GA,2016,Primary,N/A,DEM,/Users/joellegr/Documents/GitHub/exit-poll-dashboard/data/2016/Primary/GA DEM 2016.csv
MS,2016,Primary,N/A,DEM,/Users/joellegr/Documents/GitHub/exit-poll-dashboard/data/2016/Primary/MS DEM 2016.csv
SC,2016,Primary,N/A,DEM,/Users/joellegr/Documents/GitHub/exit-poll-dashboard/data/2016/Primary/SC DEM 2016.csv
OH,2016,Primary,N/A,DEM,/Users/joellegr/Documents/GitHub/exit-poll-dashboard/data/2016/Primary/OH DEM 2016.csv
VA,2016,Primary,N/A,DEM,/Users/joellegr/Documents/GitHub/exit-poll-dashboard/data/2016/Primary/VA DEM 2016.csv
NE,2016,Primary,N/A,REP,/Users/joellegr/Documents/GitHub/exit-poll-dashboard/data/2016/Primary/NE REP 2016.csv
MD,2016,Primary,N/A,REP,/Users/joellegr/Documents/GitHub/exit-poll-dashboard/data/2016/Primary/MD REP 2016.csv
AR,2016,Primary,N/A,REP,/Users/joellegr/Documents/GitHub/exit-poll-dashboard/data/2016/Primary/AR REP 2016.csv
FL,2016,Primary,N/A,REP,/Users/joellegr/Documents/GitHub/exit-poll-dashboard/data/2016/Primary/FL REP 2016.csv
IN,2016,Primary,N/A,REP,/Users/joellegr/Documents/GitHub/exit-poll-dashboard/data/2016/Primary/IN REP 2016.csv
MI,2016,Primary,N/A,REP,/Users/joellegr/Documents/GitHub/exit-poll-dashboard/data/2016/Primary/MI REP 2016.csv
NY,2016,Primary,N/A,DEM,/Users/joellegr/Documents/GitHub/exit-poll-dashboard/data/2016/Primary/NY DEM 2016.csv
NH,2016,Primary,N/A,REP,/Users/joellegr/Documents/GitHub/exit-poll-dashboard/data/2016/Primary/NH REP 2016.csv
TX,2016,Primary,N/A,REP,/Users/joellegr/Documents/GitHub/exit-poll-dashboard/data/2016/Primary/TX REP 2016.csv
TN,2016,Primary,N/A,DEM,/Users/joellegr/Documents/GitHub/exit-poll-dashboard/data/2016/Primary/TN DEM 2016.csv
MO,2016,Primary,N/A,REP,/Users/joellegr/Documents/GitHub/exit-poll-dashboard/data/2016/Primary/MO REP 2016.csv
NV,2016,Primary,N/A,REP,/Users/joellegr/Documents/GitHub/exit-poll-dashboard/data/2016/Primary/NV REP 2016.csv
CT,2016,Primary,N/A,DEM,/Users/joellegr/Documents/GitHub/exit-poll-dashboard/data/2016/Primary/CT DEM 2016.csv
WI,2016,Primary,N/A,DEM,/Users/joellegr/Documents/GitHub/exit-poll-dashboard/data/2016/Primary/WI DEM 2016.csv
PA,2016,Primary,N/A,REP,/Users/joellegr/Documents/GitHub/exit-poll-dashboard/data/2016/Primary/PA REP 2016.csv
VT,2016,Primary,N/A,DEM,/Users/joellegr/Documents/GitHub/exit-poll-dashboard/data/2016/Primary/VT DEM 2016.csv
OK,2016,Primary,N/A,REP,/Users/joellegr/Documents/GitHub/exit-poll-dashboard/data/2016/Primary/OK REP 2016.csv
MA,2016,Primary,N/A,DEM,/Users/joellegr/Documents/GitHub/exit-poll-dashboard/data/2016/Primary/MA DEM 2016.csv
WV,2016,Primary,N/A,DEM,/Users/joellegr/Documents/GitHub/exit-poll-dashboard/data/2016/Primary/WV DEM 2016.csv
IA,2016,Primary,N/A,DEM,/Users/joellegr/Documents/GitHub/exit-poll-dashboard/data/2016/Primary/IA DEM 2016.csv
MD,2016,Primary,N/A,DEM,/Users/joellegr/Documents/GitHub/exit-poll-dashboard/data/2016/Primary/MD DEM 2016.csv
FL,2016,Primary,N/A,DEM,/Users/joellegr/Documents/GitHub/exit-poll-dashboard/data/2016/Primary/FL DEM 2016.csv
AR,2016,Primary,N/A,DEM,/Users/joellegr/Documents/GitHub/exit-poll-dashboard/data/2016/Primary/AR DEM 2016.csv
IL,2016,Primary,N/A,REP,/Users/joellegr/Documents/GitHub/exit-poll-dashboard/data/2016/Primary/IL REP 2016.csv
NC,2016,Primary,N/A,DEM,/Users/joellegr/Documents/GitHub/exit-poll-dashboard/data/2016/Primary/NC DEM 2016.csv
AL,2016,Primary,N/A,DEM,/Users/joellegr/Documents/GitHub/exit-poll-dashboard/data/2016/Primary/AL DEM 2016.csv
GA,2016,Primary,N/A,REP,/Users/joellegr/Documents/GitHub/exit-poll-dashboard/data/2016/Primary/GA REP 2016.csv
VA,2016,Primary,N/A,REP,/Users/joellegr/Documents/GitHub/exit-poll-dashboard/data/2016/Primary/VA REP 2016.csv
OH,2016,Primary,N/A,REP,/Users/joellegr/Documents/GitHub/exit-poll-dashboard/data/2016/Primary/OH REP 2016.csv
SC,2016,Primary,N/A,REP,/Users/joellegr/Documents/GitHub/exit-poll-dashboard/data/2016/Primary/SC REP 2016.csv
MS,2016,Primary,N/A,REP,/Users/joellegr/Documents/GitHub/exit-poll-dashboard/data/2016/Primary/MS REP 2016.csv
MO,2016,Primary,N/A,DEM,/Users/joellegr/Documents/GitHub/exit-poll-dashboard/data/2016/Primary/MO DEM 2016.csv
PA,2016,Primary,N/A,DEM,/Users/joellegr/Documents/GitHub/exit-poll-dashboard/data/2016/Primary/PA DEM 2016.csv
WI,2016,Primary,N/A,REP,/Users/joellegr/Documents/GitHub/exit-poll-dashboard/data/2016/Primary/WI REP 2016.csv
CT,2016,Primary,N/A,REP,/Users/joellegr/Documents/GitHub/exit-poll-dashboard/data/2016/Primary/CT REP 2016.csv
NV,2016,Primary,N/A,DEM,/Users/joellegr/Documents/GitHub/exit-poll-dashboard/data/2016/Primary/NV DEM 2016.csv
MA,2016,Primary,N/A,REP,/Users/joellegr/Documents/GitHub/exit-poll-dashboard/data/2016/Primary/MA REP 2016.csv
OK,2016,Primary,N/A,DEM,/Users/joellegr/Documents/GitHub/exit-poll-dashboard/data/2016/Primary/OK DEM 2016.csv
VT,2016,Primary,N/A,REP,/Users/joellegr/Documents/GitHub/exit-poll-dashboard/data/2016/Primary/VT REP 2016.csv
IA,2016,Primary,N/A,REP,/Users/joellegr/Documents/GitHub/exit-poll-dashboard/data/2016/Primary/IA REP 2016.csv
WV,2016,Primary,N/A,REP,/Users/joellegr/Documents/GitHub/exit-poll-dashboard/data/2016/Primary/WV REP 2016.csv
IN,2016,Primary,N/A,DEM,/Users/joellegr/Documents/GitHub/exit-poll-dashboard/data/2016/Primary/IN DEM 2016.csv
NH,2016,Primary,N/A,DEM,/Users/joellegr/Documents/GitHub/exit-poll-dashboard/data/2016/Primary/NH DEM 2016.csv
NY,2016,Primary,N/A,REP,/Users/joellegr/Documents/GitHub/exit-poll-dashboard/data/2016/Primary/NY REP 2016.csv
TN,2016,Primary,N/A,REP,/Users/joellegr/Documents/GitHub/exit-poll-dashboard/data/2016/Primary/TN REP 2016.csv
TX,2016,Primary,N/A,DEM,/Users/joellegr/Documents/GitHub/exit-poll-dashboard/data/2016/Primary/TX DEM 2016.csv
Data,1998,General,State,,/Users/joellegr/Documents/GitHub/exit-poll-dashboard/data/1998/General/State/02780-0037-Data 1998.csv
Data,1998,General,State,,/Users/joellegr/Documents/GitHub/exit-poll-dashboard/data/1998/General/State/02780-0020-Data 1998.csv
WY,1998,General,State,,/Users/joellegr/Documents/GitHub/exit-poll-dashboard/data/1998/General/State/WY 1998.csv
Data,1998,General,State,,/Users/joellegr/Documents/GitHub/exit-poll-dashboard/data/1998/General/State/02780-0019-Data 1998.csv
Data,1998,General,State,,/Users/joellegr/Documents/GitHub/exit-poll-dashboard/data/1998/General/State/02780-0024-Data 1998.csv
OR,1998,General,State,,/Users/joellegr/Documents/GitHub/exit-poll-dashboard/data/1998/General/State/OR 1998.csv
MO,1998,General,State,,/Users/joellegr/Documents/GitHub/exit-poll-dashboard/data/1998/General/State/MO 1998.csv
Data,1998,General,State,,/Users/joellegr/Documents/GitHub/exit-poll-dashboard/data/1998/General/State/02780-0033-Data 1998.csv
MN,1998,General,State,,/Users/joellegr/Documents/GitHub/exit-poll-dashboard/data/1998/General/State/MN 1998.csv
CA,1998,General,State,,/Users/joellegr/Documents/GitHub/exit-poll-dashboard/data/1998/General/State/CA 1998.csv
Data,1998,General,State,,/Users/joellegr/Documents/GitHub/exit-poll-dashboard/data/1998/General/State/02780-0043-Data 1998.csv
IL,1998,General,State,,/Users/joellegr/Documents/GitHub/exit-poll-dashboard/data/1998/General/State/IL 1998.csv
ME,1998,General,State,,/Users/joellegr/Documents/GitHub/exit-poll-dashboard/data/1998/General/State/ME 1998.csv
MD,1998,General,State,,/Users/joellegr/Documents/GitHub/exit-poll-dashboard/data/1998/General/State/MD 1998.csv
RI,1998,General,State,,/Users/joellegr/Documents/GitHub/exit-poll-dashboard/data/1998/General/State/RI 1998.csv
Data,1998,General,State,,/Users/joellegr/Documents/GitHub/exit-poll-dashboard/data/1998/General/State/02780-0040-Data 1998.csv
SD,1998,General,State,,/Users/joellegr/Documents/GitHub/exit-poll-dashboard/data/1998/General/State/SD 1998.csv
Data,1998,General,State,,/Users/joellegr/Documents/GitHub/exit-poll-dashboard/data/1998/General/State/02780-0023-Data 1998.csv
PA,1998,General,State,,/Users/joellegr/Documents/GitHub/exit-poll-dashboard/data/1998/General/State/PA 1998.csv
Data,1998,General,State,,/Users/joellegr/Documents/GitHub/exit-poll-dashboard/data/1998/General/State/02780-0034-Data 1998.csv
VT,1998,General,State,,/Users/joellegr/Documents/GitHub/exit-poll-dashboard/data/1998/General/State/VT 1998.csv
Data,1998,General,State,,/Users/joellegr/Documents/GitHub/exit-poll-dashboard/data/1998/General/State/02780-0030-Data 1998.csv
Data,1998,General,State,,/Users/joellegr/Documents/GitHub/exit-poll-dashboard/data/1998/General/State/02780-0027-Data 1998.csv
Data,1998,General,State,,/Users/joellegr/Documents/GitHub/exit-poll-dashboard/data/1998/General/State/02780-0009-Data 1998.csv
CT,1998,General,State,,/Users/joellegr/Documents/GitHub/exit-poll-dashboard/data/1998/General/State/CT 1998.csv
Data,1998,General,State,,/Users/joellegr/Documents/GitHub/exit-poll-dashboard/data/1998/General/State/02780-0014-Data 1998.csv
Data,1998,General,State,,/Users/joellegr/Documents/GitHub/exit-poll-dashboard/data/1998/General/State/02780-0003-Data 1998.csv
Data,1998,General,State,,/Users/joellegr/Documents/GitHub/exit-poll-dashboard/data/1998/General/State/02780-0029-Data 1998.csv
Data,1998,General,State,,/Users/joellegr/Documents/GitHub/exit-poll-dashboard/data/1998/General/State/02780-0007-Data 1998.csv
Data,1998,General,State,,/Users/joellegr/Documents/GitHub/exit-poll-dashboard/data/1998/General/State/02780-0010-Data 1998.csv
SC,1998,General,State,,/Users/joellegr/Documents/GitHub/exit-poll-dashboard/data/1998/General/State/SC 1998.csv
OK,1998,General,State,,/Users/joellegr/Documents/GitHub/exit-poll-dashboard/data/1998/General/State/OK 1998.csv
TN,1998,General,State,,/Users/joellegr/Documents/GitHub/exit-poll-dashboard/data/1998/General/State/TN 1998.csv
NY,1998,General,State,,/Users/joellegr/Documents/GitHub/exit-poll-dashboard/data/1998/General/State/NY 1998.csv
WA,1998,General,State,,/Users/joellegr/Documents/GitHub/exit-poll-dashboard/data/1998/General/State/WA 1998.csv
None,1998,General,State,,/Users/joellegr/Documents/GitHub/exit-poll-dashboard/data/1998/General/State/None 1998.csv
MI,1998,General,State,,/Users/joellegr/Documents/GitHub/exit-poll-dashboard/data/1998/General/State/MI 1998.csv
IA,1998,General,State,,/Users/joellegr/Documents/GitHub/exit-poll-dashboard/data/1998/General/State/IA 1998.csv
Data,1998,General,State,,/Users/joellegr/Documents/GitHub/exit-poll-dashboard/data/1998/General/State/02780-0039-Data 1998.csv
AZ,1998,General,State,,/Users/joellegr/Documents/GitHub/exit-poll-dashboard/data/1998/General/State/AZ 1998.csv
Data,1998,General,State,,/Users/joellegr/Documents/GitHub/exit-poll-dashboard/data/1998/General/State/02780-0017-Data 1998.csv
NM,1998,General,State,,/Users/joellegr/Documents/GitHub/exit-poll-dashboard/data/1998/General/State/NM 1998.csv
Data,1998,General,State,,/Users/joellegr/Documents/GitHub/exit-poll-dashboard/data/1998/General/State/02780-0013-Data 1998.csv
Data,1998,General,State,,/Users/joellegr/Documents/GitHub/exit-poll-dashboard/data/1998/General/State/02780-0004-Data 1998.csv
FL,1998,General,State,,/Users/joellegr/Documents/GitHub/exit-poll-dashboard/data/1998/General/State/FL 1998.csv
LA,1998,General,State,,/Users/joellegr/Documents/GitHub/exit-poll-dashboard/data/1998/General/State/LA 1998.csv
Data,1998,General,State,,/Users/joellegr/Documents/GitHub/exit-poll-dashboard/data/1998/General/State/02780-0005-Data 1998.csv
Data,1998,General,State,,/Users/joellegr/Documents/GitHub/exit-poll-dashboard/data/1998/General/State/02780-0012-Data 1998.csv
Data,1998,General,State,,/Users/joellegr/Documents/GitHub/exit-poll-dashboard/data/1998/General/State/02780-0016-Data 1998.csv
Data,1998,General,State,,/Users/joellegr/Documents/GitHub/exit-poll-dashboard/data/1998/General/State/02780-0001-Data 1998.csv
NV,1998,General,State,,/Users/joellegr/Documents/GitHub/exit-poll-dashboard/data/1998/General/State/NV 1998.csv
Data,1998,General,State,,/Users/joellegr/Documents/GitHub/exit-poll-dashboard/data/1998/General/State/02780-0038-Data 1998.csv
Data,1998,General,State,,/Users/joellegr/Documents/GitHub/exit-poll-dashboard/data/1998/General/State/02780-0011-Data 1998.csv
Data,1998,General,State,,/Users/joellegr/Documents/GitHub/exit-poll-dashboard/data/1998/General/State/02780-0006-Data 1998.csv
NH,1998,General,State,,/Users/joellegr/Documents/GitHub/exit-poll-dashboard/data/1998/General/State/NH 1998.csv
Data,1998,General,State,,/Users/joellegr/Documents/GitHub/exit-poll-dashboard/data/1998/General/State/02780-0028-Data 1998.csv
IN,1998,General,State,,/Users/joellegr/Documents/GitHub/exit-poll-dashboard/data/1998/General/State/IN 1998.csv
KS,1998,General,State,,/Users/joellegr/Documents/GitHub/exit-poll-dashboard/data/1998/General/State/KS 1998.csv
Data,1998,General,State,,/Users/joellegr/Documents/GitHub/exit-poll-dashboard/data/1998/General/State/02780-0002-Data 1998.csv
Data,1998,General,State,,/Users/joellegr/Documents/GitHub/exit-poll-dashboard/data/1998/General/State/02780-0015-Data 1998.csv
GA,1998,General,State,,/Users/joellegr/Documents/GitHub/exit-poll-dashboard/data/1998/General/State/GA 1998.csv
NC,1998,General,State,,/Users/joellegr/Documents/GitHub/exit-poll-dashboard/data/1998/General/State/NC 1998.csv
KY,1998,General,State,,/Users/joellegr/Documents/GitHub/exit-poll-dashboard/data/1998/General/State/KY 1998.csv
ID,1998,General,State,,/Users/joellegr/Documents/GitHub/exit-poll-dashboard/data/1998/General/State/ID 1998.csv
Data,1998,General,State,,/Users/joellegr/Documents/GitHub/exit-poll-dashboard/data/1998/General/State/02780-0041-Data 1998.csv
TX,1998,General,State,,/Users/joellegr/Documents/GitHub/exit-poll-dashboard/data/1998/General/State/TX 1998.csv
MA,1998,General,State,,/Users/joellegr/Documents/GitHub/exit-poll-dashboard/data/1998/General/State/MA 1998.csv
NE,1998,General,State,,/Users/joellegr/Documents/GitHub/exit-poll-dashboard/data/1998/General/State/NE 1998.csv
ND,1998,General,State,,/Users/joellegr/Documents/GitHub/exit-poll-dashboard/data/1998/General/State/ND 1998.csv
Data,1998,General,State,,/Users/joellegr/Documents/GitHub/exit-poll-dashboard/data/1998/General/State/02780-0008-Data 1998.csv
Data,1998,General,State,,/Users/joellegr/Documents/GitHub/exit-poll-dashboard/data/1998/General/State/02780-0026-Data 1998.csv
Data,1998,General,State,,/Users/joellegr/Documents/GitHub/exit-poll-dashboard/data/1998/General/State/02780-0031-Data 1998.csv
AR,1998,General,State,,/Users/joellegr/Documents/GitHub/exit-poll-dashboard/data/1998/General/State/AR 1998.csv
CO,1998,General,State,,/Users/joellegr/Documents/GitHub/exit-poll-dashboard/data/1998/General/State/CO 1998.csv
Data,1998,General,State,,/Users/joellegr/Documents/GitHub/exit-poll-dashboard/data/1998/General/State/02780-0035-Data 1998.csv
Data,1998,General,State,,/Users/joellegr/Documents/GitHub/exit-poll-dashboard/data/1998/General/State/02780-0022-Data 1998.csv
OH,1998,General,State,,/Users/joellegr/Documents/GitHub/exit-poll-dashboard/data/1998/General/State/OH 1998.csv
Data,1998,General,State,,/Users/joellegr/Documents/GitHub/exit-poll-dashboard/data/1998/General/State/02780-0032-Data 1998.csv
Data,1998,General,State,,/Users/joellegr/Documents/GitHub/exit-poll-dashboard/data/1998/General/State/02780-0025-Data 1998.csv
Data,1998,General,State,,/Users/joellegr/Documents/GitHub/exit-poll-dashboard/data/1998/General/State/02780-0018-Data 1998.csv
Data,1998,General,State,,/Users/joellegr/Documents/GitHub/exit-poll-dashboard/data/1998/General/State/02780-0021-Data 1998.csv
Data,1998,General,State,,/Users/joellegr/Documents/GitHub/exit-poll-dashboard/data/1998/General/State/02780-0036-Data 1998.csv
AL,1998,General,State,,/Users/joellegr/Documents/GitHub/exit-poll-dashboard/data/1998/General/State/AL 1998.csv
Data,1998,General,State,,/Users/joellegr/Documents/GitHub/exit-poll-dashboard/data/1998/General/State/02780-0042-Data 1998.csv
UT,1998,General,State,,/Users/joellegr/Documents/GitHub/exit-poll-dashboard/data/1998/General/State/UT 1998.csv
WI,1998,General,State,,/Users/joellegr/Documents/GitHub/exit-poll-dashboard/data/1998/General/State/WI 1998.csv
National,2002,General,National,,/Users/joellegr/Documents/GitHub/exit-poll-dashboard/data/2002/General/National/National 2002.csv
National,2004,General,National,,/Users/joellegr/Documents/GitHub/exit-poll-dashboard/data/2004/General/National/National 2004.csv
NM,2004,General,State,,/Users/joellegr/Documents/GitHub/exit-poll-dashboard/data/2004/General/State/NM 2004.csv
AZ,2004,General,State,,/Users/joellegr/Documents/GitHub/exit-poll-dashboard/data/2004/General/State/AZ 2004.csv
IA,2004,General,State,,/Users/joellegr/Documents/GitHub/exit-poll-dashboard/data/2004/General/State/IA 2004.csv
MI,2004,General,State,,/Users/joellegr/Documents/GitHub/exit-poll-dashboard/data/2004/General/State/MI 2004.csv
WA,2004,General,State,,/Users/joellegr/Documents/GitHub/exit-poll-dashboard/data/2004/General/State/WA 2004.csv
NY,2004,General,State,,/Users/joellegr/Documents/GitHub/exit-poll-dashboard/data/2004/General/State/NY 2004.csv
TN,2004,General,State,,/Users/joellegr/Documents/GitHub/exit-poll-dashboard/data/2004/General/State/TN 2004.csv
OK,2004,General,State,,/Users/joellegr/Documents/GitHub/exit-poll-dashboard/data/2004/General/State/OK 2004.csv
SC,2004,General,State,,/Users/joellegr/Documents/GitHub/exit-poll-dashboard/data/2004/General/State/SC 2004.csv
CT,2004,General,State,,/Users/joellegr/Documents/GitHub/exit-poll-dashboard/data/2004/General/State/CT 2004.csv
VT,2004,General,State,,/Users/joellegr/Documents/GitHub/exit-poll-dashboard/data/2004/General/State/VT 2004.csv
PA,2004,General,State,,/Users/joellegr/Documents/GitHub/exit-poll-dashboard/data/2004/General/State/PA 2004.csv
SD,2004,General,State,,/Users/joellegr/Documents/GitHub/exit-poll-dashboard/data/2004/General/State/SD 2004.csv
G,2004,General,State,,/Users/joellegr/Documents/GitHub/exit-poll-dashboard/data/2004/General/State/RI04G 2004.csv
ME,2004,General,State,,/Users/joellegr/Documents/GitHub/exit-poll-dashboard/data/2004/General/State/ME 2004.csv
MD,2004,General,State,,/Users/joellegr/Documents/GitHub/exit-poll-dashboard/data/2004/General/State/MD 2004.csv
VA,2004,General,State,,/Users/joellegr/Documents/GitHub/exit-poll-dashboard/data/2004/General/State/VA 2004.csv
IL,2004,General,State,,/Users/joellegr/Documents/GitHub/exit-poll-dashboard/data/2004/General/State/IL 2004.csv
National,2004,General,State,,/Users/joellegr/Documents/GitHub/exit-poll-dashboard/data/2004/General/State/National 2004.csv
NJ,2004,General,State,,/Users/joellegr/Documents/GitHub/exit-poll-dashboard/data/2004/General/State/NJ 2004.csv
CA,2004,General,State,,/Users/joellegr/Documents/GitHub/exit-poll-dashboard/data/2004/General/State/CA 2004.csv
MO,2004,General,State,,/Users/joellegr/Documents/GitHub/exit-poll-dashboard/data/2004/General/State/MO 2004.csv
MN,2004,General,State,,/Users/joellegr/Documents/GitHub/exit-poll-dashboard/data/2004/General/State/MN 2004.csv
OR,2004,General,State,,/Users/joellegr/Documents/GitHub/exit-poll-dashboard/data/2004/General/State/OR 2004.csv
WY,2004,General,State,,/Users/joellegr/Documents/GitHub/exit-poll-dashboard/data/2004/General/State/WY 2004.csv
WI,2004,General,State,,/Users/joellegr/Documents/GitHub/exit-poll-dashboard/data/2004/General/State/WI 2004.csv
UT,2004,General,State,,/Users/joellegr/Documents/GitHub/exit-poll-dashboard/data/2004/General/State/UT 2004.csv
AL,2004,General,State,,/Users/joellegr/Documents/GitHub/exit-poll-dashboard/data/2004/General/State/AL 2004.csv
MT,2004,General,State,,/Users/joellegr/Documents/GitHub/exit-poll-dashboard/data/2004/General/State/MT 2004.csv
OH,2004,General,State,,/Users/joellegr/Documents/GitHub/exit-poll-dashboard/data/2004/General/State/OH 2004.csv
CO,2004,General,State,,/Users/joellegr/Documents/GitHub/exit-poll-dashboard/data/2004/General/State/CO 2004.csv
AR,2004,General,State,,/Users/joellegr/Documents/GitHub/exit-poll-dashboard/data/2004/General/State/AR 2004.csv
NE,2004,General,State,,/Users/joellegr/Documents/GitHub/exit-poll-dashboard/data/2004/General/State/NE 2004.csv
ND,2004,General,State,,/Users/joellegr/Documents/GitHub/exit-poll-dashboard/data/2004/General/State/ND 2004.csv
DC,2004,General,State,,/Users/joellegr/Documents/GitHub/exit-poll-dashboard/data/2004/General/State/DC 2004.csv
MA,2004,General,State,,/Users/joellegr/Documents/GitHub/exit-poll-dashboard/data/2004/General/State/MA 2004.csv
TX,2004,General,State,,/Users/joellegr/Documents/GitHub/exit-poll-dashboard/data/2004/General/State/TX 2004.csv
WV,2004,General,State,,/Users/joellegr/Documents/GitHub/exit-poll-dashboard/data/2004/General/State/WV 2004.csv
ID,2004,General,State,,/Users/joellegr/Documents/GitHub/exit-poll-dashboard/data/2004/General/State/ID 2004.csv
KY,2004,General,State,,/Users/joellegr/Documents/GitHub/exit-poll-dashboard/data/2004/General/State/KY 2004.csv
GA,2004,General,State,,/Users/joellegr/Documents/GitHub/exit-poll-dashboard/data/2004/General/State/GA 2004.csv
NC,2004,General,State,,/Users/joellegr/Documents/GitHub/exit-poll-dashboard/data/2004/General/State/NC 2004.csv
DE,2004,General,State,,/Users/joellegr/Documents/GitHub/exit-poll-dashboard/data/2004/General/State/DE 2004.csv
KS,2004,General,State,,/Users/joellegr/Documents/GitHub/exit-poll-dashboard/data/2004/General/State/KS 2004.csv
IN,2004,General,State,,/Users/joellegr/Documents/GitHub/exit-poll-dashboard/data/2004/General/State/IN 2004.csv
NH,2004,General,State,,/Users/joellegr/Documents/GitHub/exit-poll-dashboard/data/2004/General/State/NH 2004.csv
NV,2004,General,State,,/Users/joellegr/Documents/GitHub/exit-poll-dashboard/data/2004/General/State/NV 2004.csv
AK,2004,General,State,,/Users/joellegr/Documents/GitHub/exit-poll-dashboard/data/2004/General/State/AK 2004.csv
HI,2004,General,State,,/Users/joellegr/Documents/GitHub/exit-poll-dashboard/data/2004/General/State/HI 2004.csv
LA,2004,General,State,,/Users/joellegr/Documents/GitHub/exit-poll-dashboard/data/2004/General/State/LA 2004.csv
FL,2004,General,State,,/Users/joellegr/Documents/GitHub/exit-poll-dashboard/data/2004/General/State/FL 2004.csv
MS,2004,General,State,,/Users/joellegr/Documents/GitHub/exit-poll-dashboard/data/2004/General/State/MS 2004.csv
AZ,2004,Primary,N/A,DEM,/Users/joellegr/Documents/GitHub/exit-poll-dashboard/data/2004/Primary/AZ DEM 2004.csv
CA,2004,Primary,N/A,DEM,/Users/joellegr/Documents/GitHub/exit-poll-dashboard/data/2004/Primary/CA DEM 2004.csv
GA,2004,Primary,N/A,DEM,/Users/joellegr/Documents/GitHub/exit-poll-dashboard/data/2004/Primary/GA DEM 2004.csv
MS,2004,Primary,N/A,DEM,/Users/joellegr/Documents/GitHub/exit-poll-dashboard/data/2004/Primary/MS DEM 2004.csv
SC,2004,Primary,N/A,DEM,/Users/joellegr/Documents/GitHub/exit-poll-dashboard/data/2004/Primary/SC DEM 2004.csv
OH,2004,Primary,N/A,DEM,/Users/joellegr/Documents/GitHub/exit-poll-dashboard/data/2004/Primary/OH DEM 2004.csv
VA,2004,Primary,N/A,DEM,/Users/joellegr/Documents/GitHub/exit-poll-dashboard/data/2004/Primary/VA DEM 2004.csv
CT,2004,Primary,N/A,DEM,/Users/joellegr/Documents/GitHub/exit-poll-dashboard/data/2004/Primary/CT DEM 2004.csv
WI,2004,Primary,N/A,DEM,/Users/joellegr/Documents/GitHub/exit-poll-dashboard/data/2004/Primary/WI DEM 2004.csv
VT,2004,Primary,N/A,DEM,/Users/joellegr/Documents/GitHub/exit-poll-dashboard/data/2004/Primary/VT DEM 2004.csv
MA,2004,Primary,N/A,DEM,/Users/joellegr/Documents/GitHub/exit-poll-dashboard/data/2004/Primary/MA DEM 2004.csv
IA,2004,Primary,N/A,DEM,/Users/joellegr/Documents/GitHub/exit-poll-dashboard/data/2004/Primary/IA DEM 2004.csv
NY,2004,Primary,N/A,DEM,/Users/joellegr/Documents/GitHub/exit-poll-dashboard/data/2004/Primary/NY DEM 2004.csv
TN,2004,Primary,N/A,DEM,/Users/joellegr/Documents/GitHub/exit-poll-dashboard/data/2004/Primary/TN DEM 2004.csv
RI,2004,Primary,N/A,DEM,/Users/joellegr/Documents/GitHub/exit-poll-dashboard/data/2004/Primary/RI DEM 2004.csv
MD,2004,Primary,N/A,DEM,/Users/joellegr/Documents/GitHub/exit-poll-dashboard/data/2004/Primary/MD DEM 2004.csv
LA,2004,Primary,N/A,DEM,/Users/joellegr/Documents/GitHub/exit-poll-dashboard/data/2004/Primary/LA DEM 2004.csv
FL,2004,Primary,N/A,DEM,/Users/joellegr/Documents/GitHub/exit-poll-dashboard/data/2004/Primary/FL DEM 2004.csv
DE,2004,Primary,N/A,DEM,/Users/joellegr/Documents/GitHub/exit-poll-dashboard/data/2004/Primary/DE DEM 2004.csv
NH,2004,Primary,N/A,DEM,/Users/joellegr/Documents/GitHub/exit-poll-dashboard/data/2004/Primary/NH DEM 2004.csv
TX,2004,Primary,N/A,DEM,/Users/joellegr/Documents/GitHub/exit-poll-dashboard/data/2004/Primary/TX DEM 2004.csv
MO,2004,Primary,N/A,DEM,/Users/joellegr/Documents/GitHub/exit-poll-dashboard/data/2004/Primary/MO DEM 2004.csv
OK,2004,Primary,N/A,DEM,/Users/joellegr/Documents/GitHub/exit-poll-dashboard/data/2004/Primary/OK DEM 2004.csv
